                              1 ;--------------------------------------------------------
                              2 ; File Created by SDCC : free open source ANSI-C Compiler
                              3 ; Version 3.6.8 #9946 (Linux)
                              4 ;--------------------------------------------------------
                              5 	.module graphics
                              6 	.optsdcc -mz80
                              7 	
                              8 ;--------------------------------------------------------
                              9 ; Public variables in this module
                             10 ;--------------------------------------------------------
                             11 	.globl _g_logo
                             12 	.globl _g_beer_rev
                             13 	.globl _g_beer
                             14 	.globl _g_blast
                             15 	.globl _g_alberto_walk_rev
                             16 	.globl _g_alberto_walk
                             17 	.globl _g_alberto_rev
                             18 	.globl _g_alberto
                             19 	.globl _g_pitu_jump_rev
                             20 	.globl _g_pitu_jump
                             21 	.globl _g_pitu_walk_rev
                             22 	.globl _g_pitu_walk
                             23 	.globl _g_pitu_rev
                             24 	.globl _g_pitu
                             25 ;--------------------------------------------------------
                             26 ; special function registers
                             27 ;--------------------------------------------------------
                             28 ;--------------------------------------------------------
                             29 ; ram data
                             30 ;--------------------------------------------------------
                             31 	.area _DATA
                             32 ;--------------------------------------------------------
                             33 ; ram data
                             34 ;--------------------------------------------------------
                             35 	.area _INITIALIZED
                             36 ;--------------------------------------------------------
                             37 ; absolute external ram data
                             38 ;--------------------------------------------------------
                             39 	.area _DABS (ABS)
                             40 ;--------------------------------------------------------
                             41 ; global & static initialisations
                             42 ;--------------------------------------------------------
                             43 	.area _HOME
                             44 	.area _GSINIT
                             45 	.area _GSFINAL
                             46 	.area _GSINIT
                             47 ;--------------------------------------------------------
                             48 ; Home
                             49 ;--------------------------------------------------------
                             50 	.area _HOME
                             51 	.area _HOME
                             52 ;--------------------------------------------------------
                             53 ; code
                             54 ;--------------------------------------------------------
                             55 	.area _CODE
                             56 	.area _CODE
   0000                      57 _g_pitu:
   0000 FF                   58 	.db #0xff	; 255
   0001 00                   59 	.db #0x00	; 0
   0002 FF                   60 	.db #0xff	; 255
   0003 00                   61 	.db #0x00	; 0
   0004 00                   62 	.db #0x00	; 0
   0005 00                   63 	.db #0x00	; 0
   0006 00                   64 	.db #0x00	; 0
   0007 00                   65 	.db #0x00	; 0
   0008 00                   66 	.db #0x00	; 0
   0009 00                   67 	.db #0x00	; 0
   000A FF                   68 	.db #0xff	; 255
   000B 00                   69 	.db #0x00	; 0
   000C FF                   70 	.db #0xff	; 255
   000D 00                   71 	.db #0x00	; 0
   000E FF                   72 	.db #0xff	; 255
   000F 00                   73 	.db #0x00	; 0
   0010 AA                   74 	.db #0xaa	; 170
   0011 00                   75 	.db #0x00	; 0
   0012 00                   76 	.db #0x00	; 0
   0013 00                   77 	.db #0x00	; 0
   0014 00                   78 	.db #0x00	; 0
   0015 00                   79 	.db #0x00	; 0
   0016 00                   80 	.db #0x00	; 0
   0017 00                   81 	.db #0x00	; 0
   0018 55                   82 	.db #0x55	; 85	'U'
   0019 00                   83 	.db #0x00	; 0
   001A FF                   84 	.db #0xff	; 255
   001B 00                   85 	.db #0x00	; 0
   001C FF                   86 	.db #0xff	; 255
   001D 00                   87 	.db #0x00	; 0
   001E 00                   88 	.db #0x00	; 0
   001F 00                   89 	.db #0x00	; 0
   0020 00                   90 	.db #0x00	; 0
   0021 00                   91 	.db #0x00	; 0
   0022 00                   92 	.db #0x00	; 0
   0023 00                   93 	.db #0x00	; 0
   0024 00                   94 	.db #0x00	; 0
   0025 73                   95 	.db #0x73	; 115	's'
   0026 00                   96 	.db #0x00	; 0
   0027 A2                   97 	.db #0xa2	; 162
   0028 FF                   98 	.db #0xff	; 255
   0029 00                   99 	.db #0x00	; 0
   002A FF                  100 	.db #0xff	; 255
   002B 00                  101 	.db #0x00	; 0
   002C 00                  102 	.db #0x00	; 0
   002D 00                  103 	.db #0x00	; 0
   002E 00                  104 	.db #0x00	; 0
   002F 0C                  105 	.db #0x0c	; 12
   0030 00                  106 	.db #0x00	; 0
   0031 11                  107 	.db #0x11	; 17
   0032 00                  108 	.db #0x00	; 0
   0033 F3                  109 	.db #0xf3	; 243
   0034 00                  110 	.db #0x00	; 0
   0035 F3                  111 	.db #0xf3	; 243
   0036 55                  112 	.db #0x55	; 85	'U'
   0037 00                  113 	.db #0x00	; 0
   0038 FF                  114 	.db #0xff	; 255
   0039 00                  115 	.db #0x00	; 0
   003A 00                  116 	.db #0x00	; 0
   003B 00                  117 	.db #0x00	; 0
   003C 00                  118 	.db #0x00	; 0
   003D 00                  119 	.db #0x00	; 0
   003E 00                  120 	.db #0x00	; 0
   003F 11                  121 	.db #0x11	; 17
   0040 00                  122 	.db #0x00	; 0
   0041 00                  123 	.db #0x00	; 0
   0042 00                  124 	.db #0x00	; 0
   0043 51                  125 	.db #0x51	; 81	'Q'
   0044 55                  126 	.db #0x55	; 85	'U'
   0045 00                  127 	.db #0x00	; 0
   0046 AA                  128 	.db #0xaa	; 170
   0047 00                  129 	.db #0x00	; 0
   0048 00                  130 	.db #0x00	; 0
   0049 00                  131 	.db #0x00	; 0
   004A 00                  132 	.db #0x00	; 0
   004B 00                  133 	.db #0x00	; 0
   004C 00                  134 	.db #0x00	; 0
   004D 11                  135 	.db #0x11	; 17
   004E 00                  136 	.db #0x00	; 0
   004F 51                  137 	.db #0x51	; 81	'Q'
   0050 00                  138 	.db #0x00	; 0
   0051 82                  139 	.db #0x82	; 130
   0052 55                  140 	.db #0x55	; 85	'U'
   0053 00                  141 	.db #0x00	; 0
   0054 AA                  142 	.db #0xaa	; 170
   0055 00                  143 	.db #0x00	; 0
   0056 00                  144 	.db #0x00	; 0
   0057 00                  145 	.db #0x00	; 0
   0058 00                  146 	.db #0x00	; 0
   0059 B3                  147 	.db #0xb3	; 179
   005A 00                  148 	.db #0x00	; 0
   005B F3                  149 	.db #0xf3	; 243
   005C 00                  150 	.db #0x00	; 0
   005D 00                  151 	.db #0x00	; 0
   005E 00                  152 	.db #0x00	; 0
   005F 51                  153 	.db #0x51	; 81	'Q'
   0060 00                  154 	.db #0x00	; 0
   0061 A2                  155 	.db #0xa2	; 162
   0062 AA                  156 	.db #0xaa	; 170
   0063 00                  157 	.db #0x00	; 0
   0064 00                  158 	.db #0x00	; 0
   0065 00                  159 	.db #0x00	; 0
   0066 00                  160 	.db #0x00	; 0
   0067 51                  161 	.db #0x51	; 81	'Q'
   0068 00                  162 	.db #0x00	; 0
   0069 F3                  163 	.db #0xf3	; 243
   006A 00                  164 	.db #0x00	; 0
   006B E7                  165 	.db #0xe7	; 231
   006C 00                  166 	.db #0x00	; 0
   006D DB                  167 	.db #0xdb	; 219
   006E 00                  168 	.db #0x00	; 0
   006F 82                  169 	.db #0x82	; 130
   0070 AA                  170 	.db #0xaa	; 170
   0071 00                  171 	.db #0x00	; 0
   0072 00                  172 	.db #0x00	; 0
   0073 00                  173 	.db #0x00	; 0
   0074 00                  174 	.db #0x00	; 0
   0075 00                  175 	.db #0x00	; 0
   0076 00                  176 	.db #0x00	; 0
   0077 F3                  177 	.db #0xf3	; 243
   0078 00                  178 	.db #0x00	; 0
   0079 F3                  179 	.db #0xf3	; 243
   007A 00                  180 	.db #0x00	; 0
   007B 0F                  181 	.db #0x0f	; 15
   007C 55                  182 	.db #0x55	; 85	'U'
   007D 00                  183 	.db #0x00	; 0
   007E 00                  184 	.db #0x00	; 0
   007F 00                  185 	.db #0x00	; 0
   0080 00                  186 	.db #0x00	; 0
   0081 00                  187 	.db #0x00	; 0
   0082 00                  188 	.db #0x00	; 0
   0083 00                  189 	.db #0x00	; 0
   0084 00                  190 	.db #0x00	; 0
   0085 F3                  191 	.db #0xf3	; 243
   0086 00                  192 	.db #0x00	; 0
   0087 F3                  193 	.db #0xf3	; 243
   0088 00                  194 	.db #0x00	; 0
   0089 F3                  195 	.db #0xf3	; 243
   008A 55                  196 	.db #0x55	; 85	'U'
   008B 00                  197 	.db #0x00	; 0
   008C AA                  198 	.db #0xaa	; 170
   008D 00                  199 	.db #0x00	; 0
   008E 00                  200 	.db #0x00	; 0
   008F 00                  201 	.db #0x00	; 0
   0090 00                  202 	.db #0x00	; 0
   0091 00                  203 	.db #0x00	; 0
   0092 00                  204 	.db #0x00	; 0
   0093 B3                  205 	.db #0xb3	; 179
   0094 00                  206 	.db #0x00	; 0
   0095 63                  207 	.db #0x63	; 99	'c'
   0096 00                  208 	.db #0x00	; 0
   0097 00                  209 	.db #0x00	; 0
   0098 FF                  210 	.db #0xff	; 255
   0099 00                  211 	.db #0x00	; 0
   009A 00                  212 	.db #0x00	; 0
   009B 00                  213 	.db #0x00	; 0
   009C 00                  214 	.db #0x00	; 0
   009D 00                  215 	.db #0x00	; 0
   009E 00                  216 	.db #0x00	; 0
   009F 00                  217 	.db #0x00	; 0
   00A0 00                  218 	.db #0x00	; 0
   00A1 51                  219 	.db #0x51	; 81	'Q'
   00A2 00                  220 	.db #0x00	; 0
   00A3 E3                  221 	.db #0xe3	; 227
   00A4 55                  222 	.db #0x55	; 85	'U'
   00A5 00                  223 	.db #0x00	; 0
   00A6 FF                  224 	.db #0xff	; 255
   00A7 00                  225 	.db #0x00	; 0
   00A8 AA                  226 	.db #0xaa	; 170
   00A9 00                  227 	.db #0x00	; 0
   00AA 00                  228 	.db #0x00	; 0
   00AB 00                  229 	.db #0x00	; 0
   00AC 00                  230 	.db #0x00	; 0
   00AD D4                  231 	.db #0xd4	; 212
   00AE 00                  232 	.db #0x00	; 0
   00AF F3                  233 	.db #0xf3	; 243
   00B0 00                  234 	.db #0x00	; 0
   00B1 F3                  235 	.db #0xf3	; 243
   00B2 55                  236 	.db #0x55	; 85	'U'
   00B3 A8                  237 	.db #0xa8	; 168
   00B4 FF                  238 	.db #0xff	; 255
   00B5 00                  239 	.db #0x00	; 0
   00B6 FF                  240 	.db #0xff	; 255
   00B7 00                  241 	.db #0x00	; 0
   00B8 00                  242 	.db #0x00	; 0
   00B9 00                  243 	.db #0x00	; 0
   00BA 00                  244 	.db #0x00	; 0
   00BB FC                  245 	.db #0xfc	; 252
   00BC 00                  246 	.db #0x00	; 0
   00BD F9                  247 	.db #0xf9	; 249
   00BE 00                  248 	.db #0x00	; 0
   00BF F3                  249 	.db #0xf3	; 243
   00C0 00                  250 	.db #0x00	; 0
   00C1 A8                  251 	.db #0xa8	; 168
   00C2 FF                  252 	.db #0xff	; 255
   00C3 00                  253 	.db #0x00	; 0
   00C4 FF                  254 	.db #0xff	; 255
   00C5 00                  255 	.db #0x00	; 0
   00C6 AA                  256 	.db #0xaa	; 170
   00C7 00                  257 	.db #0x00	; 0
   00C8 00                  258 	.db #0x00	; 0
   00C9 B3                  259 	.db #0xb3	; 179
   00CA 00                  260 	.db #0x00	; 0
   00CB FC                  261 	.db #0xfc	; 252
   00CC 00                  262 	.db #0x00	; 0
   00CD FC                  263 	.db #0xfc	; 252
   00CE 00                  264 	.db #0x00	; 0
   00CF A8                  265 	.db #0xa8	; 168
   00D0 FF                  266 	.db #0xff	; 255
   00D1 00                  267 	.db #0x00	; 0
   00D2 FF                  268 	.db #0xff	; 255
   00D3 00                  269 	.db #0x00	; 0
   00D4 AA                  270 	.db #0xaa	; 170
   00D5 00                  271 	.db #0x00	; 0
   00D6 00                  272 	.db #0x00	; 0
   00D7 B3                  273 	.db #0xb3	; 179
   00D8 00                  274 	.db #0x00	; 0
   00D9 FC                  275 	.db #0xfc	; 252
   00DA 00                  276 	.db #0x00	; 0
   00DB BC                  277 	.db #0xbc	; 188
   00DC 00                  278 	.db #0x00	; 0
   00DD FC                  279 	.db #0xfc	; 252
   00DE 55                  280 	.db #0x55	; 85	'U'
   00DF 00                  281 	.db #0x00	; 0
   00E0 FF                  282 	.db #0xff	; 255
   00E1 00                  283 	.db #0x00	; 0
   00E2 AA                  284 	.db #0xaa	; 170
   00E3 00                  285 	.db #0x00	; 0
   00E4 00                  286 	.db #0x00	; 0
   00E5 B3                  287 	.db #0xb3	; 179
   00E6 00                  288 	.db #0x00	; 0
   00E7 FC                  289 	.db #0xfc	; 252
   00E8 00                  290 	.db #0x00	; 0
   00E9 BC                  291 	.db #0xbc	; 188
   00EA 00                  292 	.db #0x00	; 0
   00EB FC                  293 	.db #0xfc	; 252
   00EC 55                  294 	.db #0x55	; 85	'U'
   00ED 00                  295 	.db #0x00	; 0
   00EE FF                  296 	.db #0xff	; 255
   00EF 00                  297 	.db #0x00	; 0
   00F0 AA                  298 	.db #0xaa	; 170
   00F1 00                  299 	.db #0x00	; 0
   00F2 00                  300 	.db #0x00	; 0
   00F3 B3                  301 	.db #0xb3	; 179
   00F4 00                  302 	.db #0x00	; 0
   00F5 FC                  303 	.db #0xfc	; 252
   00F6 00                  304 	.db #0x00	; 0
   00F7 BC                  305 	.db #0xbc	; 188
   00F8 00                  306 	.db #0x00	; 0
   00F9 FC                  307 	.db #0xfc	; 252
   00FA 55                  308 	.db #0x55	; 85	'U'
   00FB 00                  309 	.db #0x00	; 0
   00FC FF                  310 	.db #0xff	; 255
   00FD 00                  311 	.db #0x00	; 0
   00FE AA                  312 	.db #0xaa	; 170
   00FF 00                  313 	.db #0x00	; 0
   0100 00                  314 	.db #0x00	; 0
   0101 B3                  315 	.db #0xb3	; 179
   0102 00                  316 	.db #0x00	; 0
   0103 FC                  317 	.db #0xfc	; 252
   0104 00                  318 	.db #0x00	; 0
   0105 BC                  319 	.db #0xbc	; 188
   0106 00                  320 	.db #0x00	; 0
   0107 FC                  321 	.db #0xfc	; 252
   0108 55                  322 	.db #0x55	; 85	'U'
   0109 00                  323 	.db #0x00	; 0
   010A FF                  324 	.db #0xff	; 255
   010B 00                  325 	.db #0x00	; 0
   010C AA                  326 	.db #0xaa	; 170
   010D 00                  327 	.db #0x00	; 0
   010E 00                  328 	.db #0x00	; 0
   010F B3                  329 	.db #0xb3	; 179
   0110 00                  330 	.db #0x00	; 0
   0111 BC                  331 	.db #0xbc	; 188
   0112 00                  332 	.db #0x00	; 0
   0113 3C                  333 	.db #0x3c	; 60
   0114 00                  334 	.db #0x00	; 0
   0115 28                  335 	.db #0x28	; 40
   0116 FF                  336 	.db #0xff	; 255
   0117 00                  337 	.db #0x00	; 0
   0118 FF                  338 	.db #0xff	; 255
   0119 00                  339 	.db #0x00	; 0
   011A AA                  340 	.db #0xaa	; 170
   011B 00                  341 	.db #0x00	; 0
   011C 00                  342 	.db #0x00	; 0
   011D B3                  343 	.db #0xb3	; 179
   011E 00                  344 	.db #0x00	; 0
   011F FC                  345 	.db #0xfc	; 252
   0120 00                  346 	.db #0x00	; 0
   0121 FC                  347 	.db #0xfc	; 252
   0122 00                  348 	.db #0x00	; 0
   0123 22                  349 	.db #0x22	; 34
   0124 FF                  350 	.db #0xff	; 255
   0125 00                  351 	.db #0x00	; 0
   0126 FF                  352 	.db #0xff	; 255
   0127 00                  353 	.db #0x00	; 0
   0128 AA                  354 	.db #0xaa	; 170
   0129 00                  355 	.db #0x00	; 0
   012A 00                  356 	.db #0x00	; 0
   012B B3                  357 	.db #0xb3	; 179
   012C 00                  358 	.db #0x00	; 0
   012D FC                  359 	.db #0xfc	; 252
   012E 00                  360 	.db #0x00	; 0
   012F FC                  361 	.db #0xfc	; 252
   0130 00                  362 	.db #0x00	; 0
   0131 22                  363 	.db #0x22	; 34
   0132 FF                  364 	.db #0xff	; 255
   0133 00                  365 	.db #0x00	; 0
   0134 AA                  366 	.db #0xaa	; 170
   0135 00                  367 	.db #0x00	; 0
   0136 00                  368 	.db #0x00	; 0
   0137 51                  369 	.db #0x51	; 81	'Q'
   0138 00                  370 	.db #0x00	; 0
   0139 B3                  371 	.db #0xb3	; 179
   013A 00                  372 	.db #0x00	; 0
   013B FC                  373 	.db #0xfc	; 252
   013C 00                  374 	.db #0x00	; 0
   013D FC                  375 	.db #0xfc	; 252
   013E 00                  376 	.db #0x00	; 0
   013F 22                  377 	.db #0x22	; 34
   0140 FF                  378 	.db #0xff	; 255
   0141 00                  379 	.db #0x00	; 0
   0142 AA                  380 	.db #0xaa	; 170
   0143 00                  381 	.db #0x00	; 0
   0144 00                  382 	.db #0x00	; 0
   0145 F3                  383 	.db #0xf3	; 243
   0146 00                  384 	.db #0x00	; 0
   0147 72                  385 	.db #0x72	; 114	'r'
   0148 00                  386 	.db #0x00	; 0
   0149 AA                  387 	.db #0xaa	; 170
   014A 00                  388 	.db #0x00	; 0
   014B 00                  389 	.db #0x00	; 0
   014C 55                  390 	.db #0x55	; 85	'U'
   014D 00                  391 	.db #0x00	; 0
   014E FF                  392 	.db #0xff	; 255
   014F 00                  393 	.db #0x00	; 0
   0150 FF                  394 	.db #0xff	; 255
   0151 00                  395 	.db #0x00	; 0
   0152 00                  396 	.db #0x00	; 0
   0153 00                  397 	.db #0x00	; 0
   0154 00                  398 	.db #0x00	; 0
   0155 50                  399 	.db #0x50	; 80	'P'
   0156 00                  400 	.db #0x00	; 0
   0157 AA                  401 	.db #0xaa	; 170
   0158 00                  402 	.db #0x00	; 0
   0159 AA                  403 	.db #0xaa	; 170
   015A FF                  404 	.db #0xff	; 255
   015B 00                  405 	.db #0x00	; 0
   015C FF                  406 	.db #0xff	; 255
   015D 00                  407 	.db #0x00	; 0
   015E FF                  408 	.db #0xff	; 255
   015F 00                  409 	.db #0x00	; 0
   0160 FF                  410 	.db #0xff	; 255
   0161 00                  411 	.db #0x00	; 0
   0162 00                  412 	.db #0x00	; 0
   0163 50                  413 	.db #0x50	; 80	'P'
   0164 00                  414 	.db #0x00	; 0
   0165 AA                  415 	.db #0xaa	; 170
   0166 00                  416 	.db #0x00	; 0
   0167 AA                  417 	.db #0xaa	; 170
   0168 FF                  418 	.db #0xff	; 255
   0169 00                  419 	.db #0x00	; 0
   016A FF                  420 	.db #0xff	; 255
   016B 00                  421 	.db #0x00	; 0
   016C FF                  422 	.db #0xff	; 255
   016D 00                  423 	.db #0x00	; 0
   016E FF                  424 	.db #0xff	; 255
   016F 00                  425 	.db #0x00	; 0
   0170 00                  426 	.db #0x00	; 0
   0171 50                  427 	.db #0x50	; 80	'P'
   0172 00                  428 	.db #0x00	; 0
   0173 AA                  429 	.db #0xaa	; 170
   0174 00                  430 	.db #0x00	; 0
   0175 AA                  431 	.db #0xaa	; 170
   0176 FF                  432 	.db #0xff	; 255
   0177 00                  433 	.db #0x00	; 0
   0178 FF                  434 	.db #0xff	; 255
   0179 00                  435 	.db #0x00	; 0
   017A FF                  436 	.db #0xff	; 255
   017B 00                  437 	.db #0x00	; 0
   017C FF                  438 	.db #0xff	; 255
   017D 00                  439 	.db #0x00	; 0
   017E 00                  440 	.db #0x00	; 0
   017F 50                  441 	.db #0x50	; 80	'P'
   0180 00                  442 	.db #0x00	; 0
   0181 AA                  443 	.db #0xaa	; 170
   0182 00                  444 	.db #0x00	; 0
   0183 AA                  445 	.db #0xaa	; 170
   0184 FF                  446 	.db #0xff	; 255
   0185 00                  447 	.db #0x00	; 0
   0186 FF                  448 	.db #0xff	; 255
   0187 00                  449 	.db #0x00	; 0
   0188 FF                  450 	.db #0xff	; 255
   0189 00                  451 	.db #0x00	; 0
   018A FF                  452 	.db #0xff	; 255
   018B 00                  453 	.db #0x00	; 0
   018C 00                  454 	.db #0x00	; 0
   018D 50                  455 	.db #0x50	; 80	'P'
   018E 00                  456 	.db #0x00	; 0
   018F AA                  457 	.db #0xaa	; 170
   0190 00                  458 	.db #0x00	; 0
   0191 AA                  459 	.db #0xaa	; 170
   0192 FF                  460 	.db #0xff	; 255
   0193 00                  461 	.db #0x00	; 0
   0194 FF                  462 	.db #0xff	; 255
   0195 00                  463 	.db #0x00	; 0
   0196 FF                  464 	.db #0xff	; 255
   0197 00                  465 	.db #0x00	; 0
   0198 FF                  466 	.db #0xff	; 255
   0199 00                  467 	.db #0x00	; 0
   019A 00                  468 	.db #0x00	; 0
   019B 50                  469 	.db #0x50	; 80	'P'
   019C 00                  470 	.db #0x00	; 0
   019D AA                  471 	.db #0xaa	; 170
   019E 00                  472 	.db #0x00	; 0
   019F AA                  473 	.db #0xaa	; 170
   01A0 FF                  474 	.db #0xff	; 255
   01A1 00                  475 	.db #0x00	; 0
   01A2 FF                  476 	.db #0xff	; 255
   01A3 00                  477 	.db #0x00	; 0
   01A4 FF                  478 	.db #0xff	; 255
   01A5 00                  479 	.db #0x00	; 0
   01A6 FF                  480 	.db #0xff	; 255
   01A7 00                  481 	.db #0x00	; 0
   01A8 00                  482 	.db #0x00	; 0
   01A9 50                  483 	.db #0x50	; 80	'P'
   01AA 00                  484 	.db #0x00	; 0
   01AB AA                  485 	.db #0xaa	; 170
   01AC 00                  486 	.db #0x00	; 0
   01AD AA                  487 	.db #0xaa	; 170
   01AE 55                  488 	.db #0x55	; 85	'U'
   01AF 00                  489 	.db #0x00	; 0
   01B0 FF                  490 	.db #0xff	; 255
   01B1 00                  491 	.db #0x00	; 0
   01B2 FF                  492 	.db #0xff	; 255
   01B3 00                  493 	.db #0x00	; 0
   01B4 FF                  494 	.db #0xff	; 255
   01B5 00                  495 	.db #0x00	; 0
   01B6 00                  496 	.db #0x00	; 0
   01B7 40                  497 	.db #0x40	; 64
   01B8 00                  498 	.db #0x00	; 0
   01B9 85                  499 	.db #0x85	; 133
   01BA 00                  500 	.db #0x00	; 0
   01BB 85                  501 	.db #0x85	; 133
   01BC 55                  502 	.db #0x55	; 85	'U'
   01BD 00                  503 	.db #0x00	; 0
   01BE FF                  504 	.db #0xff	; 255
   01BF 00                  505 	.db #0x00	; 0
   01C0                     506 _g_pitu_rev:
   01C0 FF                  507 	.db #0xff	; 255
   01C1 00                  508 	.db #0x00	; 0
   01C2 FF                  509 	.db #0xff	; 255
   01C3 00                  510 	.db #0x00	; 0
   01C4 00                  511 	.db #0x00	; 0
   01C5 00                  512 	.db #0x00	; 0
   01C6 00                  513 	.db #0x00	; 0
   01C7 00                  514 	.db #0x00	; 0
   01C8 00                  515 	.db #0x00	; 0
   01C9 00                  516 	.db #0x00	; 0
   01CA FF                  517 	.db #0xff	; 255
   01CB 00                  518 	.db #0x00	; 0
   01CC FF                  519 	.db #0xff	; 255
   01CD 00                  520 	.db #0x00	; 0
   01CE FF                  521 	.db #0xff	; 255
   01CF 00                  522 	.db #0x00	; 0
   01D0 AA                  523 	.db #0xaa	; 170
   01D1 00                  524 	.db #0x00	; 0
   01D2 00                  525 	.db #0x00	; 0
   01D3 00                  526 	.db #0x00	; 0
   01D4 00                  527 	.db #0x00	; 0
   01D5 00                  528 	.db #0x00	; 0
   01D6 00                  529 	.db #0x00	; 0
   01D7 00                  530 	.db #0x00	; 0
   01D8 55                  531 	.db #0x55	; 85	'U'
   01D9 00                  532 	.db #0x00	; 0
   01DA FF                  533 	.db #0xff	; 255
   01DB 00                  534 	.db #0x00	; 0
   01DC FF                  535 	.db #0xff	; 255
   01DD 00                  536 	.db #0x00	; 0
   01DE 00                  537 	.db #0x00	; 0
   01DF 51                  538 	.db #0x51	; 81	'Q'
   01E0 00                  539 	.db #0x00	; 0
   01E1 B3                  540 	.db #0xb3	; 179
   01E2 00                  541 	.db #0x00	; 0
   01E3 00                  542 	.db #0x00	; 0
   01E4 00                  543 	.db #0x00	; 0
   01E5 00                  544 	.db #0x00	; 0
   01E6 00                  545 	.db #0x00	; 0
   01E7 00                  546 	.db #0x00	; 0
   01E8 FF                  547 	.db #0xff	; 255
   01E9 00                  548 	.db #0x00	; 0
   01EA AA                  549 	.db #0xaa	; 170
   01EB 00                  550 	.db #0x00	; 0
   01EC 00                  551 	.db #0x00	; 0
   01ED F3                  552 	.db #0xf3	; 243
   01EE 00                  553 	.db #0x00	; 0
   01EF F3                  554 	.db #0xf3	; 243
   01F0 00                  555 	.db #0x00	; 0
   01F1 22                  556 	.db #0x22	; 34
   01F2 00                  557 	.db #0x00	; 0
   01F3 0C                  558 	.db #0x0c	; 12
   01F4 00                  559 	.db #0x00	; 0
   01F5 00                  560 	.db #0x00	; 0
   01F6 FF                  561 	.db #0xff	; 255
   01F7 00                  562 	.db #0x00	; 0
   01F8 AA                  563 	.db #0xaa	; 170
   01F9 00                  564 	.db #0x00	; 0
   01FA 00                  565 	.db #0x00	; 0
   01FB A2                  566 	.db #0xa2	; 162
   01FC 00                  567 	.db #0x00	; 0
   01FD 00                  568 	.db #0x00	; 0
   01FE 00                  569 	.db #0x00	; 0
   01FF 22                  570 	.db #0x22	; 34
   0200 00                  571 	.db #0x00	; 0
   0201 00                  572 	.db #0x00	; 0
   0202 00                  573 	.db #0x00	; 0
   0203 00                  574 	.db #0x00	; 0
   0204 FF                  575 	.db #0xff	; 255
   0205 00                  576 	.db #0x00	; 0
   0206 AA                  577 	.db #0xaa	; 170
   0207 00                  578 	.db #0x00	; 0
   0208 00                  579 	.db #0x00	; 0
   0209 41                  580 	.db #0x41	; 65	'A'
   020A 00                  581 	.db #0x00	; 0
   020B A2                  582 	.db #0xa2	; 162
   020C 00                  583 	.db #0x00	; 0
   020D 22                  584 	.db #0x22	; 34
   020E 00                  585 	.db #0x00	; 0
   020F 00                  586 	.db #0x00	; 0
   0210 00                  587 	.db #0x00	; 0
   0211 00                  588 	.db #0x00	; 0
   0212 55                  589 	.db #0x55	; 85	'U'
   0213 00                  590 	.db #0x00	; 0
   0214 00                  591 	.db #0x00	; 0
   0215 51                  592 	.db #0x51	; 81	'Q'
   0216 00                  593 	.db #0x00	; 0
   0217 A2                  594 	.db #0xa2	; 162
   0218 00                  595 	.db #0x00	; 0
   0219 00                  596 	.db #0x00	; 0
   021A 00                  597 	.db #0x00	; 0
   021B F3                  598 	.db #0xf3	; 243
   021C 00                  599 	.db #0x00	; 0
   021D 73                  600 	.db #0x73	; 115	's'
   021E 00                  601 	.db #0x00	; 0
   021F 00                  602 	.db #0x00	; 0
   0220 55                  603 	.db #0x55	; 85	'U'
   0221 00                  604 	.db #0x00	; 0
   0222 00                  605 	.db #0x00	; 0
   0223 41                  606 	.db #0x41	; 65	'A'
   0224 00                  607 	.db #0x00	; 0
   0225 E7                  608 	.db #0xe7	; 231
   0226 00                  609 	.db #0x00	; 0
   0227 DB                  610 	.db #0xdb	; 219
   0228 00                  611 	.db #0x00	; 0
   0229 F3                  612 	.db #0xf3	; 243
   022A 00                  613 	.db #0x00	; 0
   022B A2                  614 	.db #0xa2	; 162
   022C 00                  615 	.db #0x00	; 0
   022D 00                  616 	.db #0x00	; 0
   022E 55                  617 	.db #0x55	; 85	'U'
   022F 00                  618 	.db #0x00	; 0
   0230 AA                  619 	.db #0xaa	; 170
   0231 00                  620 	.db #0x00	; 0
   0232 00                  621 	.db #0x00	; 0
   0233 0F                  622 	.db #0x0f	; 15
   0234 00                  623 	.db #0x00	; 0
   0235 F3                  624 	.db #0xf3	; 243
   0236 00                  625 	.db #0x00	; 0
   0237 F3                  626 	.db #0xf3	; 243
   0238 00                  627 	.db #0x00	; 0
   0239 00                  628 	.db #0x00	; 0
   023A 00                  629 	.db #0x00	; 0
   023B 00                  630 	.db #0x00	; 0
   023C 55                  631 	.db #0x55	; 85	'U'
   023D 00                  632 	.db #0x00	; 0
   023E AA                  633 	.db #0xaa	; 170
   023F 00                  634 	.db #0x00	; 0
   0240 00                  635 	.db #0x00	; 0
   0241 F3                  636 	.db #0xf3	; 243
   0242 00                  637 	.db #0x00	; 0
   0243 F3                  638 	.db #0xf3	; 243
   0244 00                  639 	.db #0x00	; 0
   0245 F3                  640 	.db #0xf3	; 243
   0246 00                  641 	.db #0x00	; 0
   0247 00                  642 	.db #0x00	; 0
   0248 00                  643 	.db #0x00	; 0
   0249 00                  644 	.db #0x00	; 0
   024A 00                  645 	.db #0x00	; 0
   024B 00                  646 	.db #0x00	; 0
   024C FF                  647 	.db #0xff	; 255
   024D 00                  648 	.db #0x00	; 0
   024E 00                  649 	.db #0x00	; 0
   024F 00                  650 	.db #0x00	; 0
   0250 00                  651 	.db #0x00	; 0
   0251 93                  652 	.db #0x93	; 147
   0252 00                  653 	.db #0x00	; 0
   0253 73                  654 	.db #0x73	; 115	's'
   0254 00                  655 	.db #0x00	; 0
   0255 00                  656 	.db #0x00	; 0
   0256 00                  657 	.db #0x00	; 0
   0257 00                  658 	.db #0x00	; 0
   0258 55                  659 	.db #0x55	; 85	'U'
   0259 00                  660 	.db #0x00	; 0
   025A FF                  661 	.db #0xff	; 255
   025B 00                  662 	.db #0x00	; 0
   025C AA                  663 	.db #0xaa	; 170
   025D 00                  664 	.db #0x00	; 0
   025E 00                  665 	.db #0x00	; 0
   025F D3                  666 	.db #0xd3	; 211
   0260 00                  667 	.db #0x00	; 0
   0261 A2                  668 	.db #0xa2	; 162
   0262 00                  669 	.db #0x00	; 0
   0263 00                  670 	.db #0x00	; 0
   0264 00                  671 	.db #0x00	; 0
   0265 00                  672 	.db #0x00	; 0
   0266 00                  673 	.db #0x00	; 0
   0267 00                  674 	.db #0x00	; 0
   0268 FF                  675 	.db #0xff	; 255
   0269 00                  676 	.db #0x00	; 0
   026A AA                  677 	.db #0xaa	; 170
   026B 54                  678 	.db #0x54	; 84	'T'
   026C 00                  679 	.db #0x00	; 0
   026D F3                  680 	.db #0xf3	; 243
   026E 00                  681 	.db #0x00	; 0
   026F F3                  682 	.db #0xf3	; 243
   0270 00                  683 	.db #0x00	; 0
   0271 E8                  684 	.db #0xe8	; 232
   0272 00                  685 	.db #0x00	; 0
   0273 00                  686 	.db #0x00	; 0
   0274 55                  687 	.db #0x55	; 85	'U'
   0275 00                  688 	.db #0x00	; 0
   0276 FF                  689 	.db #0xff	; 255
   0277 00                  690 	.db #0x00	; 0
   0278 00                  691 	.db #0x00	; 0
   0279 54                  692 	.db #0x54	; 84	'T'
   027A 00                  693 	.db #0x00	; 0
   027B F3                  694 	.db #0xf3	; 243
   027C 00                  695 	.db #0x00	; 0
   027D F6                  696 	.db #0xf6	; 246
   027E 00                  697 	.db #0x00	; 0
   027F FC                  698 	.db #0xfc	; 252
   0280 00                  699 	.db #0x00	; 0
   0281 00                  700 	.db #0x00	; 0
   0282 FF                  701 	.db #0xff	; 255
   0283 00                  702 	.db #0x00	; 0
   0284 FF                  703 	.db #0xff	; 255
   0285 00                  704 	.db #0x00	; 0
   0286 00                  705 	.db #0x00	; 0
   0287 54                  706 	.db #0x54	; 84	'T'
   0288 00                  707 	.db #0x00	; 0
   0289 FC                  708 	.db #0xfc	; 252
   028A 00                  709 	.db #0x00	; 0
   028B FC                  710 	.db #0xfc	; 252
   028C 00                  711 	.db #0x00	; 0
   028D 73                  712 	.db #0x73	; 115	's'
   028E 55                  713 	.db #0x55	; 85	'U'
   028F 00                  714 	.db #0x00	; 0
   0290 FF                  715 	.db #0xff	; 255
   0291 00                  716 	.db #0x00	; 0
   0292 AA                  717 	.db #0xaa	; 170
   0293 00                  718 	.db #0x00	; 0
   0294 00                  719 	.db #0x00	; 0
   0295 FC                  720 	.db #0xfc	; 252
   0296 00                  721 	.db #0x00	; 0
   0297 7C                  722 	.db #0x7c	; 124
   0298 00                  723 	.db #0x00	; 0
   0299 FC                  724 	.db #0xfc	; 252
   029A 00                  725 	.db #0x00	; 0
   029B 73                  726 	.db #0x73	; 115	's'
   029C 55                  727 	.db #0x55	; 85	'U'
   029D 00                  728 	.db #0x00	; 0
   029E FF                  729 	.db #0xff	; 255
   029F 00                  730 	.db #0x00	; 0
   02A0 AA                  731 	.db #0xaa	; 170
   02A1 00                  732 	.db #0x00	; 0
   02A2 00                  733 	.db #0x00	; 0
   02A3 FC                  734 	.db #0xfc	; 252
   02A4 00                  735 	.db #0x00	; 0
   02A5 7C                  736 	.db #0x7c	; 124
   02A6 00                  737 	.db #0x00	; 0
   02A7 FC                  738 	.db #0xfc	; 252
   02A8 00                  739 	.db #0x00	; 0
   02A9 73                  740 	.db #0x73	; 115	's'
   02AA 55                  741 	.db #0x55	; 85	'U'
   02AB 00                  742 	.db #0x00	; 0
   02AC FF                  743 	.db #0xff	; 255
   02AD 00                  744 	.db #0x00	; 0
   02AE AA                  745 	.db #0xaa	; 170
   02AF 00                  746 	.db #0x00	; 0
   02B0 00                  747 	.db #0x00	; 0
   02B1 FC                  748 	.db #0xfc	; 252
   02B2 00                  749 	.db #0x00	; 0
   02B3 7C                  750 	.db #0x7c	; 124
   02B4 00                  751 	.db #0x00	; 0
   02B5 FC                  752 	.db #0xfc	; 252
   02B6 00                  753 	.db #0x00	; 0
   02B7 73                  754 	.db #0x73	; 115	's'
   02B8 55                  755 	.db #0x55	; 85	'U'
   02B9 00                  756 	.db #0x00	; 0
   02BA FF                  757 	.db #0xff	; 255
   02BB 00                  758 	.db #0x00	; 0
   02BC AA                  759 	.db #0xaa	; 170
   02BD 00                  760 	.db #0x00	; 0
   02BE 00                  761 	.db #0x00	; 0
   02BF FC                  762 	.db #0xfc	; 252
   02C0 00                  763 	.db #0x00	; 0
   02C1 7C                  764 	.db #0x7c	; 124
   02C2 00                  765 	.db #0x00	; 0
   02C3 FC                  766 	.db #0xfc	; 252
   02C4 00                  767 	.db #0x00	; 0
   02C5 73                  768 	.db #0x73	; 115	's'
   02C6 55                  769 	.db #0x55	; 85	'U'
   02C7 00                  770 	.db #0x00	; 0
   02C8 FF                  771 	.db #0xff	; 255
   02C9 00                  772 	.db #0x00	; 0
   02CA FF                  773 	.db #0xff	; 255
   02CB 00                  774 	.db #0x00	; 0
   02CC 00                  775 	.db #0x00	; 0
   02CD 14                  776 	.db #0x14	; 20
   02CE 00                  777 	.db #0x00	; 0
   02CF 3C                  778 	.db #0x3c	; 60
   02D0 00                  779 	.db #0x00	; 0
   02D1 7C                  780 	.db #0x7c	; 124
   02D2 00                  781 	.db #0x00	; 0
   02D3 73                  782 	.db #0x73	; 115	's'
   02D4 55                  783 	.db #0x55	; 85	'U'
   02D5 00                  784 	.db #0x00	; 0
   02D6 FF                  785 	.db #0xff	; 255
   02D7 00                  786 	.db #0x00	; 0
   02D8 FF                  787 	.db #0xff	; 255
   02D9 00                  788 	.db #0x00	; 0
   02DA 00                  789 	.db #0x00	; 0
   02DB 11                  790 	.db #0x11	; 17
   02DC 00                  791 	.db #0x00	; 0
   02DD FC                  792 	.db #0xfc	; 252
   02DE 00                  793 	.db #0x00	; 0
   02DF FC                  794 	.db #0xfc	; 252
   02E0 00                  795 	.db #0x00	; 0
   02E1 73                  796 	.db #0x73	; 115	's'
   02E2 55                  797 	.db #0x55	; 85	'U'
   02E3 00                  798 	.db #0x00	; 0
   02E4 FF                  799 	.db #0xff	; 255
   02E5 00                  800 	.db #0x00	; 0
   02E6 FF                  801 	.db #0xff	; 255
   02E7 00                  802 	.db #0x00	; 0
   02E8 00                  803 	.db #0x00	; 0
   02E9 11                  804 	.db #0x11	; 17
   02EA 00                  805 	.db #0x00	; 0
   02EB FC                  806 	.db #0xfc	; 252
   02EC 00                  807 	.db #0x00	; 0
   02ED FC                  808 	.db #0xfc	; 252
   02EE 00                  809 	.db #0x00	; 0
   02EF 73                  810 	.db #0x73	; 115	's'
   02F0 55                  811 	.db #0x55	; 85	'U'
   02F1 00                  812 	.db #0x00	; 0
   02F2 FF                  813 	.db #0xff	; 255
   02F3 00                  814 	.db #0x00	; 0
   02F4 FF                  815 	.db #0xff	; 255
   02F5 00                  816 	.db #0x00	; 0
   02F6 00                  817 	.db #0x00	; 0
   02F7 11                  818 	.db #0x11	; 17
   02F8 00                  819 	.db #0x00	; 0
   02F9 FC                  820 	.db #0xfc	; 252
   02FA 00                  821 	.db #0x00	; 0
   02FB FC                  822 	.db #0xfc	; 252
   02FC 00                  823 	.db #0x00	; 0
   02FD 73                  824 	.db #0x73	; 115	's'
   02FE 00                  825 	.db #0x00	; 0
   02FF A2                  826 	.db #0xa2	; 162
   0300 55                  827 	.db #0x55	; 85	'U'
   0301 00                  828 	.db #0x00	; 0
   0302 FF                  829 	.db #0xff	; 255
   0303 00                  830 	.db #0x00	; 0
   0304 AA                  831 	.db #0xaa	; 170
   0305 00                  832 	.db #0x00	; 0
   0306 00                  833 	.db #0x00	; 0
   0307 00                  834 	.db #0x00	; 0
   0308 00                  835 	.db #0x00	; 0
   0309 55                  836 	.db #0x55	; 85	'U'
   030A 00                  837 	.db #0x00	; 0
   030B B1                  838 	.db #0xb1	; 177
   030C 00                  839 	.db #0x00	; 0
   030D F3                  840 	.db #0xf3	; 243
   030E 55                  841 	.db #0x55	; 85	'U'
   030F 00                  842 	.db #0x00	; 0
   0310 FF                  843 	.db #0xff	; 255
   0311 00                  844 	.db #0x00	; 0
   0312 FF                  845 	.db #0xff	; 255
   0313 00                  846 	.db #0x00	; 0
   0314 00                  847 	.db #0x00	; 0
   0315 55                  848 	.db #0x55	; 85	'U'
   0316 00                  849 	.db #0x00	; 0
   0317 55                  850 	.db #0x55	; 85	'U'
   0318 00                  851 	.db #0x00	; 0
   0319 A0                  852 	.db #0xa0	; 160
   031A 00                  853 	.db #0x00	; 0
   031B 00                  854 	.db #0x00	; 0
   031C FF                  855 	.db #0xff	; 255
   031D 00                  856 	.db #0x00	; 0
   031E FF                  857 	.db #0xff	; 255
   031F 00                  858 	.db #0x00	; 0
   0320 FF                  859 	.db #0xff	; 255
   0321 00                  860 	.db #0x00	; 0
   0322 00                  861 	.db #0x00	; 0
   0323 55                  862 	.db #0x55	; 85	'U'
   0324 00                  863 	.db #0x00	; 0
   0325 55                  864 	.db #0x55	; 85	'U'
   0326 00                  865 	.db #0x00	; 0
   0327 A0                  866 	.db #0xa0	; 160
   0328 FF                  867 	.db #0xff	; 255
   0329 00                  868 	.db #0x00	; 0
   032A FF                  869 	.db #0xff	; 255
   032B 00                  870 	.db #0x00	; 0
   032C FF                  871 	.db #0xff	; 255
   032D 00                  872 	.db #0x00	; 0
   032E FF                  873 	.db #0xff	; 255
   032F 00                  874 	.db #0x00	; 0
   0330 00                  875 	.db #0x00	; 0
   0331 55                  876 	.db #0x55	; 85	'U'
   0332 00                  877 	.db #0x00	; 0
   0333 55                  878 	.db #0x55	; 85	'U'
   0334 00                  879 	.db #0x00	; 0
   0335 A0                  880 	.db #0xa0	; 160
   0336 FF                  881 	.db #0xff	; 255
   0337 00                  882 	.db #0x00	; 0
   0338 FF                  883 	.db #0xff	; 255
   0339 00                  884 	.db #0x00	; 0
   033A FF                  885 	.db #0xff	; 255
   033B 00                  886 	.db #0x00	; 0
   033C FF                  887 	.db #0xff	; 255
   033D 00                  888 	.db #0x00	; 0
   033E 00                  889 	.db #0x00	; 0
   033F 55                  890 	.db #0x55	; 85	'U'
   0340 00                  891 	.db #0x00	; 0
   0341 55                  892 	.db #0x55	; 85	'U'
   0342 00                  893 	.db #0x00	; 0
   0343 A0                  894 	.db #0xa0	; 160
   0344 FF                  895 	.db #0xff	; 255
   0345 00                  896 	.db #0x00	; 0
   0346 FF                  897 	.db #0xff	; 255
   0347 00                  898 	.db #0x00	; 0
   0348 FF                  899 	.db #0xff	; 255
   0349 00                  900 	.db #0x00	; 0
   034A FF                  901 	.db #0xff	; 255
   034B 00                  902 	.db #0x00	; 0
   034C 00                  903 	.db #0x00	; 0
   034D 55                  904 	.db #0x55	; 85	'U'
   034E 00                  905 	.db #0x00	; 0
   034F 55                  906 	.db #0x55	; 85	'U'
   0350 00                  907 	.db #0x00	; 0
   0351 A0                  908 	.db #0xa0	; 160
   0352 FF                  909 	.db #0xff	; 255
   0353 00                  910 	.db #0x00	; 0
   0354 FF                  911 	.db #0xff	; 255
   0355 00                  912 	.db #0x00	; 0
   0356 FF                  913 	.db #0xff	; 255
   0357 00                  914 	.db #0x00	; 0
   0358 FF                  915 	.db #0xff	; 255
   0359 00                  916 	.db #0x00	; 0
   035A 00                  917 	.db #0x00	; 0
   035B 55                  918 	.db #0x55	; 85	'U'
   035C 00                  919 	.db #0x00	; 0
   035D 55                  920 	.db #0x55	; 85	'U'
   035E 00                  921 	.db #0x00	; 0
   035F A0                  922 	.db #0xa0	; 160
   0360 FF                  923 	.db #0xff	; 255
   0361 00                  924 	.db #0x00	; 0
   0362 FF                  925 	.db #0xff	; 255
   0363 00                  926 	.db #0x00	; 0
   0364 FF                  927 	.db #0xff	; 255
   0365 00                  928 	.db #0x00	; 0
   0366 AA                  929 	.db #0xaa	; 170
   0367 00                  930 	.db #0x00	; 0
   0368 00                  931 	.db #0x00	; 0
   0369 55                  932 	.db #0x55	; 85	'U'
   036A 00                  933 	.db #0x00	; 0
   036B 55                  934 	.db #0x55	; 85	'U'
   036C 00                  935 	.db #0x00	; 0
   036D A0                  936 	.db #0xa0	; 160
   036E FF                  937 	.db #0xff	; 255
   036F 00                  938 	.db #0x00	; 0
   0370 FF                  939 	.db #0xff	; 255
   0371 00                  940 	.db #0x00	; 0
   0372 FF                  941 	.db #0xff	; 255
   0373 00                  942 	.db #0x00	; 0
   0374 AA                  943 	.db #0xaa	; 170
   0375 00                  944 	.db #0x00	; 0
   0376 00                  945 	.db #0x00	; 0
   0377 4A                  946 	.db #0x4a	; 74	'J'
   0378 00                  947 	.db #0x00	; 0
   0379 4A                  948 	.db #0x4a	; 74	'J'
   037A 00                  949 	.db #0x00	; 0
   037B 80                  950 	.db #0x80	; 128
   037C FF                  951 	.db #0xff	; 255
   037D 00                  952 	.db #0x00	; 0
   037E FF                  953 	.db #0xff	; 255
   037F 00                  954 	.db #0x00	; 0
   0380                     955 _g_pitu_walk:
   0380 FF                  956 	.db #0xff	; 255
   0381 00                  957 	.db #0x00	; 0
   0382 FF                  958 	.db #0xff	; 255
   0383 00                  959 	.db #0x00	; 0
   0384 00                  960 	.db #0x00	; 0
   0385 00                  961 	.db #0x00	; 0
   0386 00                  962 	.db #0x00	; 0
   0387 00                  963 	.db #0x00	; 0
   0388 00                  964 	.db #0x00	; 0
   0389 00                  965 	.db #0x00	; 0
   038A FF                  966 	.db #0xff	; 255
   038B 00                  967 	.db #0x00	; 0
   038C FF                  968 	.db #0xff	; 255
   038D 00                  969 	.db #0x00	; 0
   038E FF                  970 	.db #0xff	; 255
   038F 00                  971 	.db #0x00	; 0
   0390 AA                  972 	.db #0xaa	; 170
   0391 00                  973 	.db #0x00	; 0
   0392 00                  974 	.db #0x00	; 0
   0393 00                  975 	.db #0x00	; 0
   0394 00                  976 	.db #0x00	; 0
   0395 00                  977 	.db #0x00	; 0
   0396 00                  978 	.db #0x00	; 0
   0397 00                  979 	.db #0x00	; 0
   0398 55                  980 	.db #0x55	; 85	'U'
   0399 00                  981 	.db #0x00	; 0
   039A FF                  982 	.db #0xff	; 255
   039B 00                  983 	.db #0x00	; 0
   039C FF                  984 	.db #0xff	; 255
   039D 00                  985 	.db #0x00	; 0
   039E 00                  986 	.db #0x00	; 0
   039F 00                  987 	.db #0x00	; 0
   03A0 00                  988 	.db #0x00	; 0
   03A1 00                  989 	.db #0x00	; 0
   03A2 00                  990 	.db #0x00	; 0
   03A3 00                  991 	.db #0x00	; 0
   03A4 00                  992 	.db #0x00	; 0
   03A5 73                  993 	.db #0x73	; 115	's'
   03A6 00                  994 	.db #0x00	; 0
   03A7 A2                  995 	.db #0xa2	; 162
   03A8 FF                  996 	.db #0xff	; 255
   03A9 00                  997 	.db #0x00	; 0
   03AA FF                  998 	.db #0xff	; 255
   03AB 00                  999 	.db #0x00	; 0
   03AC 00                 1000 	.db #0x00	; 0
   03AD 00                 1001 	.db #0x00	; 0
   03AE 00                 1002 	.db #0x00	; 0
   03AF 0C                 1003 	.db #0x0c	; 12
   03B0 00                 1004 	.db #0x00	; 0
   03B1 11                 1005 	.db #0x11	; 17
   03B2 00                 1006 	.db #0x00	; 0
   03B3 F3                 1007 	.db #0xf3	; 243
   03B4 00                 1008 	.db #0x00	; 0
   03B5 F3                 1009 	.db #0xf3	; 243
   03B6 55                 1010 	.db #0x55	; 85	'U'
   03B7 00                 1011 	.db #0x00	; 0
   03B8 FF                 1012 	.db #0xff	; 255
   03B9 00                 1013 	.db #0x00	; 0
   03BA 00                 1014 	.db #0x00	; 0
   03BB 00                 1015 	.db #0x00	; 0
   03BC 00                 1016 	.db #0x00	; 0
   03BD 00                 1017 	.db #0x00	; 0
   03BE 00                 1018 	.db #0x00	; 0
   03BF 11                 1019 	.db #0x11	; 17
   03C0 00                 1020 	.db #0x00	; 0
   03C1 00                 1021 	.db #0x00	; 0
   03C2 00                 1022 	.db #0x00	; 0
   03C3 51                 1023 	.db #0x51	; 81	'Q'
   03C4 55                 1024 	.db #0x55	; 85	'U'
   03C5 00                 1025 	.db #0x00	; 0
   03C6 AA                 1026 	.db #0xaa	; 170
   03C7 00                 1027 	.db #0x00	; 0
   03C8 00                 1028 	.db #0x00	; 0
   03C9 00                 1029 	.db #0x00	; 0
   03CA 00                 1030 	.db #0x00	; 0
   03CB 00                 1031 	.db #0x00	; 0
   03CC 00                 1032 	.db #0x00	; 0
   03CD 11                 1033 	.db #0x11	; 17
   03CE 00                 1034 	.db #0x00	; 0
   03CF 51                 1035 	.db #0x51	; 81	'Q'
   03D0 00                 1036 	.db #0x00	; 0
   03D1 82                 1037 	.db #0x82	; 130
   03D2 55                 1038 	.db #0x55	; 85	'U'
   03D3 00                 1039 	.db #0x00	; 0
   03D4 00                 1040 	.db #0x00	; 0
   03D5 00                 1041 	.db #0x00	; 0
   03D6 00                 1042 	.db #0x00	; 0
   03D7 00                 1043 	.db #0x00	; 0
   03D8 00                 1044 	.db #0x00	; 0
   03D9 B3                 1045 	.db #0xb3	; 179
   03DA 00                 1046 	.db #0x00	; 0
   03DB F3                 1047 	.db #0xf3	; 243
   03DC 00                 1048 	.db #0x00	; 0
   03DD 00                 1049 	.db #0x00	; 0
   03DE 00                 1050 	.db #0x00	; 0
   03DF 51                 1051 	.db #0x51	; 81	'Q'
   03E0 00                 1052 	.db #0x00	; 0
   03E1 A2                 1053 	.db #0xa2	; 162
   03E2 AA                 1054 	.db #0xaa	; 170
   03E3 00                 1055 	.db #0x00	; 0
   03E4 00                 1056 	.db #0x00	; 0
   03E5 00                 1057 	.db #0x00	; 0
   03E6 00                 1058 	.db #0x00	; 0
   03E7 51                 1059 	.db #0x51	; 81	'Q'
   03E8 00                 1060 	.db #0x00	; 0
   03E9 F3                 1061 	.db #0xf3	; 243
   03EA 00                 1062 	.db #0x00	; 0
   03EB E7                 1063 	.db #0xe7	; 231
   03EC 00                 1064 	.db #0x00	; 0
   03ED DB                 1065 	.db #0xdb	; 219
   03EE 00                 1066 	.db #0x00	; 0
   03EF 82                 1067 	.db #0x82	; 130
   03F0 00                 1068 	.db #0x00	; 0
   03F1 00                 1069 	.db #0x00	; 0
   03F2 00                 1070 	.db #0x00	; 0
   03F3 00                 1071 	.db #0x00	; 0
   03F4 00                 1072 	.db #0x00	; 0
   03F5 00                 1073 	.db #0x00	; 0
   03F6 00                 1074 	.db #0x00	; 0
   03F7 F3                 1075 	.db #0xf3	; 243
   03F8 00                 1076 	.db #0x00	; 0
   03F9 F3                 1077 	.db #0xf3	; 243
   03FA 00                 1078 	.db #0x00	; 0
   03FB 0F                 1079 	.db #0x0f	; 15
   03FC 55                 1080 	.db #0x55	; 85	'U'
   03FD 00                 1081 	.db #0x00	; 0
   03FE AA                 1082 	.db #0xaa	; 170
   03FF 00                 1083 	.db #0x00	; 0
   0400 00                 1084 	.db #0x00	; 0
   0401 00                 1085 	.db #0x00	; 0
   0402 00                 1086 	.db #0x00	; 0
   0403 00                 1087 	.db #0x00	; 0
   0404 00                 1088 	.db #0x00	; 0
   0405 F3                 1089 	.db #0xf3	; 243
   0406 00                 1090 	.db #0x00	; 0
   0407 F3                 1091 	.db #0xf3	; 243
   0408 00                 1092 	.db #0x00	; 0
   0409 F3                 1093 	.db #0xf3	; 243
   040A 55                 1094 	.db #0x55	; 85	'U'
   040B 00                 1095 	.db #0x00	; 0
   040C AA                 1096 	.db #0xaa	; 170
   040D 00                 1097 	.db #0x00	; 0
   040E 00                 1098 	.db #0x00	; 0
   040F 00                 1099 	.db #0x00	; 0
   0410 00                 1100 	.db #0x00	; 0
   0411 00                 1101 	.db #0x00	; 0
   0412 00                 1102 	.db #0x00	; 0
   0413 B3                 1103 	.db #0xb3	; 179
   0414 00                 1104 	.db #0x00	; 0
   0415 63                 1105 	.db #0x63	; 99	'c'
   0416 00                 1106 	.db #0x00	; 0
   0417 00                 1107 	.db #0x00	; 0
   0418 FF                 1108 	.db #0xff	; 255
   0419 00                 1109 	.db #0x00	; 0
   041A AA                 1110 	.db #0xaa	; 170
   041B 00                 1111 	.db #0x00	; 0
   041C 00                 1112 	.db #0x00	; 0
   041D 00                 1113 	.db #0x00	; 0
   041E 00                 1114 	.db #0x00	; 0
   041F 00                 1115 	.db #0x00	; 0
   0420 00                 1116 	.db #0x00	; 0
   0421 51                 1117 	.db #0x51	; 81	'Q'
   0422 00                 1118 	.db #0x00	; 0
   0423 E3                 1119 	.db #0xe3	; 227
   0424 55                 1120 	.db #0x55	; 85	'U'
   0425 00                 1121 	.db #0x00	; 0
   0426 FF                 1122 	.db #0xff	; 255
   0427 00                 1123 	.db #0x00	; 0
   0428 AA                 1124 	.db #0xaa	; 170
   0429 00                 1125 	.db #0x00	; 0
   042A 00                 1126 	.db #0x00	; 0
   042B 00                 1127 	.db #0x00	; 0
   042C 00                 1128 	.db #0x00	; 0
   042D D4                 1129 	.db #0xd4	; 212
   042E 00                 1130 	.db #0x00	; 0
   042F F3                 1131 	.db #0xf3	; 243
   0430 00                 1132 	.db #0x00	; 0
   0431 F3                 1133 	.db #0xf3	; 243
   0432 55                 1134 	.db #0x55	; 85	'U'
   0433 A8                 1135 	.db #0xa8	; 168
   0434 FF                 1136 	.db #0xff	; 255
   0435 00                 1137 	.db #0x00	; 0
   0436 FF                 1138 	.db #0xff	; 255
   0437 00                 1139 	.db #0x00	; 0
   0438 00                 1140 	.db #0x00	; 0
   0439 00                 1141 	.db #0x00	; 0
   043A 00                 1142 	.db #0x00	; 0
   043B FC                 1143 	.db #0xfc	; 252
   043C 00                 1144 	.db #0x00	; 0
   043D F9                 1145 	.db #0xf9	; 249
   043E 00                 1146 	.db #0x00	; 0
   043F F3                 1147 	.db #0xf3	; 243
   0440 00                 1148 	.db #0x00	; 0
   0441 A8                 1149 	.db #0xa8	; 168
   0442 FF                 1150 	.db #0xff	; 255
   0443 00                 1151 	.db #0x00	; 0
   0444 FF                 1152 	.db #0xff	; 255
   0445 00                 1153 	.db #0x00	; 0
   0446 AA                 1154 	.db #0xaa	; 170
   0447 00                 1155 	.db #0x00	; 0
   0448 00                 1156 	.db #0x00	; 0
   0449 B3                 1157 	.db #0xb3	; 179
   044A 00                 1158 	.db #0x00	; 0
   044B FC                 1159 	.db #0xfc	; 252
   044C 00                 1160 	.db #0x00	; 0
   044D FC                 1161 	.db #0xfc	; 252
   044E 00                 1162 	.db #0x00	; 0
   044F A8                 1163 	.db #0xa8	; 168
   0450 FF                 1164 	.db #0xff	; 255
   0451 00                 1165 	.db #0x00	; 0
   0452 FF                 1166 	.db #0xff	; 255
   0453 00                 1167 	.db #0x00	; 0
   0454 AA                 1168 	.db #0xaa	; 170
   0455 00                 1169 	.db #0x00	; 0
   0456 00                 1170 	.db #0x00	; 0
   0457 B3                 1171 	.db #0xb3	; 179
   0458 00                 1172 	.db #0x00	; 0
   0459 FC                 1173 	.db #0xfc	; 252
   045A 00                 1174 	.db #0x00	; 0
   045B BC                 1175 	.db #0xbc	; 188
   045C 00                 1176 	.db #0x00	; 0
   045D FC                 1177 	.db #0xfc	; 252
   045E 55                 1178 	.db #0x55	; 85	'U'
   045F 00                 1179 	.db #0x00	; 0
   0460 FF                 1180 	.db #0xff	; 255
   0461 00                 1181 	.db #0x00	; 0
   0462 00                 1182 	.db #0x00	; 0
   0463 51                 1183 	.db #0x51	; 81	'Q'
   0464 00                 1184 	.db #0x00	; 0
   0465 B3                 1185 	.db #0xb3	; 179
   0466 00                 1186 	.db #0x00	; 0
   0467 FC                 1187 	.db #0xfc	; 252
   0468 00                 1188 	.db #0x00	; 0
   0469 BC                 1189 	.db #0xbc	; 188
   046A 00                 1190 	.db #0x00	; 0
   046B FC                 1191 	.db #0xfc	; 252
   046C 55                 1192 	.db #0x55	; 85	'U'
   046D 00                 1193 	.db #0x00	; 0
   046E FF                 1194 	.db #0xff	; 255
   046F 00                 1195 	.db #0x00	; 0
   0470 00                 1196 	.db #0x00	; 0
   0471 51                 1197 	.db #0x51	; 81	'Q'
   0472 00                 1198 	.db #0x00	; 0
   0473 F6                 1199 	.db #0xf6	; 246
   0474 00                 1200 	.db #0x00	; 0
   0475 FC                 1201 	.db #0xfc	; 252
   0476 00                 1202 	.db #0x00	; 0
   0477 BC                 1203 	.db #0xbc	; 188
   0478 00                 1204 	.db #0x00	; 0
   0479 FC                 1205 	.db #0xfc	; 252
   047A 55                 1206 	.db #0x55	; 85	'U'
   047B 00                 1207 	.db #0x00	; 0
   047C FF                 1208 	.db #0xff	; 255
   047D 00                 1209 	.db #0x00	; 0
   047E 00                 1210 	.db #0x00	; 0
   047F 51                 1211 	.db #0x51	; 81	'Q'
   0480 00                 1212 	.db #0x00	; 0
   0481 76                 1213 	.db #0x76	; 118	'v'
   0482 00                 1214 	.db #0x00	; 0
   0483 FC                 1215 	.db #0xfc	; 252
   0484 00                 1216 	.db #0x00	; 0
   0485 BC                 1217 	.db #0xbc	; 188
   0486 00                 1218 	.db #0x00	; 0
   0487 FC                 1219 	.db #0xfc	; 252
   0488 55                 1220 	.db #0x55	; 85	'U'
   0489 00                 1221 	.db #0x00	; 0
   048A FF                 1222 	.db #0xff	; 255
   048B 00                 1223 	.db #0x00	; 0
   048C 00                 1224 	.db #0x00	; 0
   048D 51                 1225 	.db #0x51	; 81	'Q'
   048E 00                 1226 	.db #0x00	; 0
   048F 76                 1227 	.db #0x76	; 118	'v'
   0490 00                 1228 	.db #0x00	; 0
   0491 BC                 1229 	.db #0xbc	; 188
   0492 00                 1230 	.db #0x00	; 0
   0493 3C                 1231 	.db #0x3c	; 60
   0494 00                 1232 	.db #0x00	; 0
   0495 39                 1233 	.db #0x39	; 57	'9'
   0496 55                 1234 	.db #0x55	; 85	'U'
   0497 00                 1235 	.db #0x00	; 0
   0498 00                 1236 	.db #0x00	; 0
   0499 00                 1237 	.db #0x00	; 0
   049A 00                 1238 	.db #0x00	; 0
   049B F3                 1239 	.db #0xf3	; 243
   049C 00                 1240 	.db #0x00	; 0
   049D 76                 1241 	.db #0x76	; 118	'v'
   049E 00                 1242 	.db #0x00	; 0
   049F FC                 1243 	.db #0xfc	; 252
   04A0 00                 1244 	.db #0x00	; 0
   04A1 FC                 1245 	.db #0xfc	; 252
   04A2 00                 1246 	.db #0x00	; 0
   04A3 B3                 1247 	.db #0xb3	; 179
   04A4 55                 1248 	.db #0x55	; 85	'U'
   04A5 00                 1249 	.db #0x00	; 0
   04A6 00                 1250 	.db #0x00	; 0
   04A7 51                 1251 	.db #0x51	; 81	'Q'
   04A8 00                 1252 	.db #0x00	; 0
   04A9 B3                 1253 	.db #0xb3	; 179
   04AA 00                 1254 	.db #0x00	; 0
   04AB FC                 1255 	.db #0xfc	; 252
   04AC 00                 1256 	.db #0x00	; 0
   04AD FC                 1257 	.db #0xfc	; 252
   04AE 00                 1258 	.db #0x00	; 0
   04AF FC                 1259 	.db #0xfc	; 252
   04B0 00                 1260 	.db #0x00	; 0
   04B1 B3                 1261 	.db #0xb3	; 179
   04B2 55                 1262 	.db #0x55	; 85	'U'
   04B3 00                 1263 	.db #0x00	; 0
   04B4 AA                 1264 	.db #0xaa	; 170
   04B5 00                 1265 	.db #0x00	; 0
   04B6 00                 1266 	.db #0x00	; 0
   04B7 00                 1267 	.db #0x00	; 0
   04B8 00                 1268 	.db #0x00	; 0
   04B9 54                 1269 	.db #0x54	; 84	'T'
   04BA 00                 1270 	.db #0x00	; 0
   04BB FC                 1271 	.db #0xfc	; 252
   04BC 00                 1272 	.db #0x00	; 0
   04BD FC                 1273 	.db #0xfc	; 252
   04BE 00                 1274 	.db #0x00	; 0
   04BF B3                 1275 	.db #0xb3	; 179
   04C0 55                 1276 	.db #0x55	; 85	'U'
   04C1 00                 1277 	.db #0x00	; 0
   04C2 FF                 1278 	.db #0xff	; 255
   04C3 00                 1279 	.db #0x00	; 0
   04C4 FF                 1280 	.db #0xff	; 255
   04C5 00                 1281 	.db #0x00	; 0
   04C6 00                 1282 	.db #0x00	; 0
   04C7 50                 1283 	.db #0x50	; 80	'P'
   04C8 00                 1284 	.db #0x00	; 0
   04C9 AA                 1285 	.db #0xaa	; 170
   04CA 00                 1286 	.db #0x00	; 0
   04CB 00                 1287 	.db #0x00	; 0
   04CC 00                 1288 	.db #0x00	; 0
   04CD 22                 1289 	.db #0x22	; 34
   04CE FF                 1290 	.db #0xff	; 255
   04CF 00                 1291 	.db #0x00	; 0
   04D0 FF                 1292 	.db #0xff	; 255
   04D1 00                 1293 	.db #0x00	; 0
   04D2 FF                 1294 	.db #0xff	; 255
   04D3 00                 1295 	.db #0x00	; 0
   04D4 00                 1296 	.db #0x00	; 0
   04D5 50                 1297 	.db #0x50	; 80	'P'
   04D6 00                 1298 	.db #0x00	; 0
   04D7 AA                 1299 	.db #0xaa	; 170
   04D8 00                 1300 	.db #0x00	; 0
   04D9 AA                 1301 	.db #0xaa	; 170
   04DA 55                 1302 	.db #0x55	; 85	'U'
   04DB 00                 1303 	.db #0x00	; 0
   04DC FF                 1304 	.db #0xff	; 255
   04DD 00                 1305 	.db #0x00	; 0
   04DE FF                 1306 	.db #0xff	; 255
   04DF 00                 1307 	.db #0x00	; 0
   04E0 FF                 1308 	.db #0xff	; 255
   04E1 00                 1309 	.db #0x00	; 0
   04E2 00                 1310 	.db #0x00	; 0
   04E3 50                 1311 	.db #0x50	; 80	'P'
   04E4 00                 1312 	.db #0x00	; 0
   04E5 AA                 1313 	.db #0xaa	; 170
   04E6 00                 1314 	.db #0x00	; 0
   04E7 AA                 1315 	.db #0xaa	; 170
   04E8 FF                 1316 	.db #0xff	; 255
   04E9 00                 1317 	.db #0x00	; 0
   04EA FF                 1318 	.db #0xff	; 255
   04EB 00                 1319 	.db #0x00	; 0
   04EC FF                 1320 	.db #0xff	; 255
   04ED 00                 1321 	.db #0x00	; 0
   04EE FF                 1322 	.db #0xff	; 255
   04EF 00                 1323 	.db #0x00	; 0
   04F0 00                 1324 	.db #0x00	; 0
   04F1 50                 1325 	.db #0x50	; 80	'P'
   04F2 00                 1326 	.db #0x00	; 0
   04F3 AA                 1327 	.db #0xaa	; 170
   04F4 00                 1328 	.db #0x00	; 0
   04F5 55                 1329 	.db #0x55	; 85	'U'
   04F6 55                 1330 	.db #0x55	; 85	'U'
   04F7 00                 1331 	.db #0x00	; 0
   04F8 FF                 1332 	.db #0xff	; 255
   04F9 00                 1333 	.db #0x00	; 0
   04FA FF                 1334 	.db #0xff	; 255
   04FB 00                 1335 	.db #0x00	; 0
   04FC FF                 1336 	.db #0xff	; 255
   04FD 00                 1337 	.db #0x00	; 0
   04FE 00                 1338 	.db #0x00	; 0
   04FF 50                 1339 	.db #0x50	; 80	'P'
   0500 00                 1340 	.db #0x00	; 0
   0501 AA                 1341 	.db #0xaa	; 170
   0502 00                 1342 	.db #0x00	; 0
   0503 55                 1343 	.db #0x55	; 85	'U'
   0504 55                 1344 	.db #0x55	; 85	'U'
   0505 00                 1345 	.db #0x00	; 0
   0506 FF                 1346 	.db #0xff	; 255
   0507 00                 1347 	.db #0x00	; 0
   0508 FF                 1348 	.db #0xff	; 255
   0509 00                 1349 	.db #0x00	; 0
   050A FF                 1350 	.db #0xff	; 255
   050B 00                 1351 	.db #0x00	; 0
   050C 00                 1352 	.db #0x00	; 0
   050D 50                 1353 	.db #0x50	; 80	'P'
   050E 55                 1354 	.db #0x55	; 85	'U'
   050F AA                 1355 	.db #0xaa	; 170
   0510 00                 1356 	.db #0x00	; 0
   0511 55                 1357 	.db #0x55	; 85	'U'
   0512 00                 1358 	.db #0x00	; 0
   0513 AA                 1359 	.db #0xaa	; 170
   0514 FF                 1360 	.db #0xff	; 255
   0515 00                 1361 	.db #0x00	; 0
   0516 FF                 1362 	.db #0xff	; 255
   0517 00                 1363 	.db #0x00	; 0
   0518 FF                 1364 	.db #0xff	; 255
   0519 00                 1365 	.db #0x00	; 0
   051A 00                 1366 	.db #0x00	; 0
   051B 50                 1367 	.db #0x50	; 80	'P'
   051C 55                 1368 	.db #0x55	; 85	'U'
   051D AA                 1369 	.db #0xaa	; 170
   051E AA                 1370 	.db #0xaa	; 170
   051F 00                 1371 	.db #0x00	; 0
   0520 00                 1372 	.db #0x00	; 0
   0521 AA                 1373 	.db #0xaa	; 170
   0522 FF                 1374 	.db #0xff	; 255
   0523 00                 1375 	.db #0x00	; 0
   0524 FF                 1376 	.db #0xff	; 255
   0525 00                 1377 	.db #0x00	; 0
   0526 FF                 1378 	.db #0xff	; 255
   0527 00                 1379 	.db #0x00	; 0
   0528 00                 1380 	.db #0x00	; 0
   0529 50                 1381 	.db #0x50	; 80	'P'
   052A 55                 1382 	.db #0x55	; 85	'U'
   052B AA                 1383 	.db #0xaa	; 170
   052C AA                 1384 	.db #0xaa	; 170
   052D 00                 1385 	.db #0x00	; 0
   052E 00                 1386 	.db #0x00	; 0
   052F AA                 1387 	.db #0xaa	; 170
   0530 FF                 1388 	.db #0xff	; 255
   0531 00                 1389 	.db #0x00	; 0
   0532 FF                 1390 	.db #0xff	; 255
   0533 00                 1391 	.db #0x00	; 0
   0534 FF                 1392 	.db #0xff	; 255
   0535 00                 1393 	.db #0x00	; 0
   0536 00                 1394 	.db #0x00	; 0
   0537 40                 1395 	.db #0x40	; 64
   0538 00                 1396 	.db #0x00	; 0
   0539 85                 1397 	.db #0x85	; 133
   053A AA                 1398 	.db #0xaa	; 170
   053B 00                 1399 	.db #0x00	; 0
   053C 00                 1400 	.db #0x00	; 0
   053D C0                 1401 	.db #0xc0	; 192
   053E 55                 1402 	.db #0x55	; 85	'U'
   053F 0A                 1403 	.db #0x0a	; 10
   0540                    1404 _g_pitu_walk_rev:
   0540 FF                 1405 	.db #0xff	; 255
   0541 00                 1406 	.db #0x00	; 0
   0542 FF                 1407 	.db #0xff	; 255
   0543 00                 1408 	.db #0x00	; 0
   0544 00                 1409 	.db #0x00	; 0
   0545 00                 1410 	.db #0x00	; 0
   0546 00                 1411 	.db #0x00	; 0
   0547 00                 1412 	.db #0x00	; 0
   0548 00                 1413 	.db #0x00	; 0
   0549 00                 1414 	.db #0x00	; 0
   054A FF                 1415 	.db #0xff	; 255
   054B 00                 1416 	.db #0x00	; 0
   054C FF                 1417 	.db #0xff	; 255
   054D 00                 1418 	.db #0x00	; 0
   054E FF                 1419 	.db #0xff	; 255
   054F 00                 1420 	.db #0x00	; 0
   0550 AA                 1421 	.db #0xaa	; 170
   0551 00                 1422 	.db #0x00	; 0
   0552 00                 1423 	.db #0x00	; 0
   0553 00                 1424 	.db #0x00	; 0
   0554 00                 1425 	.db #0x00	; 0
   0555 00                 1426 	.db #0x00	; 0
   0556 00                 1427 	.db #0x00	; 0
   0557 00                 1428 	.db #0x00	; 0
   0558 55                 1429 	.db #0x55	; 85	'U'
   0559 00                 1430 	.db #0x00	; 0
   055A FF                 1431 	.db #0xff	; 255
   055B 00                 1432 	.db #0x00	; 0
   055C FF                 1433 	.db #0xff	; 255
   055D 00                 1434 	.db #0x00	; 0
   055E 00                 1435 	.db #0x00	; 0
   055F 51                 1436 	.db #0x51	; 81	'Q'
   0560 00                 1437 	.db #0x00	; 0
   0561 B3                 1438 	.db #0xb3	; 179
   0562 00                 1439 	.db #0x00	; 0
   0563 00                 1440 	.db #0x00	; 0
   0564 00                 1441 	.db #0x00	; 0
   0565 00                 1442 	.db #0x00	; 0
   0566 00                 1443 	.db #0x00	; 0
   0567 00                 1444 	.db #0x00	; 0
   0568 FF                 1445 	.db #0xff	; 255
   0569 00                 1446 	.db #0x00	; 0
   056A AA                 1447 	.db #0xaa	; 170
   056B 00                 1448 	.db #0x00	; 0
   056C 00                 1449 	.db #0x00	; 0
   056D F3                 1450 	.db #0xf3	; 243
   056E 00                 1451 	.db #0x00	; 0
   056F F3                 1452 	.db #0xf3	; 243
   0570 00                 1453 	.db #0x00	; 0
   0571 22                 1454 	.db #0x22	; 34
   0572 00                 1455 	.db #0x00	; 0
   0573 0C                 1456 	.db #0x0c	; 12
   0574 00                 1457 	.db #0x00	; 0
   0575 00                 1458 	.db #0x00	; 0
   0576 FF                 1459 	.db #0xff	; 255
   0577 00                 1460 	.db #0x00	; 0
   0578 AA                 1461 	.db #0xaa	; 170
   0579 00                 1462 	.db #0x00	; 0
   057A 00                 1463 	.db #0x00	; 0
   057B A2                 1464 	.db #0xa2	; 162
   057C 00                 1465 	.db #0x00	; 0
   057D 00                 1466 	.db #0x00	; 0
   057E 00                 1467 	.db #0x00	; 0
   057F 22                 1468 	.db #0x22	; 34
   0580 00                 1469 	.db #0x00	; 0
   0581 00                 1470 	.db #0x00	; 0
   0582 00                 1471 	.db #0x00	; 0
   0583 00                 1472 	.db #0x00	; 0
   0584 FF                 1473 	.db #0xff	; 255
   0585 00                 1474 	.db #0x00	; 0
   0586 AA                 1475 	.db #0xaa	; 170
   0587 00                 1476 	.db #0x00	; 0
   0588 00                 1477 	.db #0x00	; 0
   0589 41                 1478 	.db #0x41	; 65	'A'
   058A 00                 1479 	.db #0x00	; 0
   058B A2                 1480 	.db #0xa2	; 162
   058C 00                 1481 	.db #0x00	; 0
   058D 22                 1482 	.db #0x22	; 34
   058E 00                 1483 	.db #0x00	; 0
   058F 00                 1484 	.db #0x00	; 0
   0590 00                 1485 	.db #0x00	; 0
   0591 00                 1486 	.db #0x00	; 0
   0592 55                 1487 	.db #0x55	; 85	'U'
   0593 00                 1488 	.db #0x00	; 0
   0594 00                 1489 	.db #0x00	; 0
   0595 51                 1490 	.db #0x51	; 81	'Q'
   0596 00                 1491 	.db #0x00	; 0
   0597 A2                 1492 	.db #0xa2	; 162
   0598 00                 1493 	.db #0x00	; 0
   0599 00                 1494 	.db #0x00	; 0
   059A 00                 1495 	.db #0x00	; 0
   059B F3                 1496 	.db #0xf3	; 243
   059C 00                 1497 	.db #0x00	; 0
   059D 73                 1498 	.db #0x73	; 115	's'
   059E 00                 1499 	.db #0x00	; 0
   059F 00                 1500 	.db #0x00	; 0
   05A0 00                 1501 	.db #0x00	; 0
   05A1 00                 1502 	.db #0x00	; 0
   05A2 00                 1503 	.db #0x00	; 0
   05A3 41                 1504 	.db #0x41	; 65	'A'
   05A4 00                 1505 	.db #0x00	; 0
   05A5 E7                 1506 	.db #0xe7	; 231
   05A6 00                 1507 	.db #0x00	; 0
   05A7 DB                 1508 	.db #0xdb	; 219
   05A8 00                 1509 	.db #0x00	; 0
   05A9 F3                 1510 	.db #0xf3	; 243
   05AA 00                 1511 	.db #0x00	; 0
   05AB A2                 1512 	.db #0xa2	; 162
   05AC 00                 1513 	.db #0x00	; 0
   05AD 00                 1514 	.db #0x00	; 0
   05AE 55                 1515 	.db #0x55	; 85	'U'
   05AF 00                 1516 	.db #0x00	; 0
   05B0 AA                 1517 	.db #0xaa	; 170
   05B1 00                 1518 	.db #0x00	; 0
   05B2 00                 1519 	.db #0x00	; 0
   05B3 0F                 1520 	.db #0x0f	; 15
   05B4 00                 1521 	.db #0x00	; 0
   05B5 F3                 1522 	.db #0xf3	; 243
   05B6 00                 1523 	.db #0x00	; 0
   05B7 F3                 1524 	.db #0xf3	; 243
   05B8 00                 1525 	.db #0x00	; 0
   05B9 00                 1526 	.db #0x00	; 0
   05BA 00                 1527 	.db #0x00	; 0
   05BB 00                 1528 	.db #0x00	; 0
   05BC 00                 1529 	.db #0x00	; 0
   05BD 00                 1530 	.db #0x00	; 0
   05BE AA                 1531 	.db #0xaa	; 170
   05BF 00                 1532 	.db #0x00	; 0
   05C0 00                 1533 	.db #0x00	; 0
   05C1 F3                 1534 	.db #0xf3	; 243
   05C2 00                 1535 	.db #0x00	; 0
   05C3 F3                 1536 	.db #0xf3	; 243
   05C4 00                 1537 	.db #0x00	; 0
   05C5 F3                 1538 	.db #0xf3	; 243
   05C6 00                 1539 	.db #0x00	; 0
   05C7 00                 1540 	.db #0x00	; 0
   05C8 00                 1541 	.db #0x00	; 0
   05C9 00                 1542 	.db #0x00	; 0
   05CA 55                 1543 	.db #0x55	; 85	'U'
   05CB 00                 1544 	.db #0x00	; 0
   05CC FF                 1545 	.db #0xff	; 255
   05CD 00                 1546 	.db #0x00	; 0
   05CE 00                 1547 	.db #0x00	; 0
   05CF 00                 1548 	.db #0x00	; 0
   05D0 00                 1549 	.db #0x00	; 0
   05D1 93                 1550 	.db #0x93	; 147
   05D2 00                 1551 	.db #0x00	; 0
   05D3 73                 1552 	.db #0x73	; 115	's'
   05D4 00                 1553 	.db #0x00	; 0
   05D5 00                 1554 	.db #0x00	; 0
   05D6 00                 1555 	.db #0x00	; 0
   05D7 00                 1556 	.db #0x00	; 0
   05D8 55                 1557 	.db #0x55	; 85	'U'
   05D9 00                 1558 	.db #0x00	; 0
   05DA FF                 1559 	.db #0xff	; 255
   05DB 00                 1560 	.db #0x00	; 0
   05DC AA                 1561 	.db #0xaa	; 170
   05DD 00                 1562 	.db #0x00	; 0
   05DE 00                 1563 	.db #0x00	; 0
   05DF D3                 1564 	.db #0xd3	; 211
   05E0 00                 1565 	.db #0x00	; 0
   05E1 A2                 1566 	.db #0xa2	; 162
   05E2 00                 1567 	.db #0x00	; 0
   05E3 00                 1568 	.db #0x00	; 0
   05E4 00                 1569 	.db #0x00	; 0
   05E5 00                 1570 	.db #0x00	; 0
   05E6 55                 1571 	.db #0x55	; 85	'U'
   05E7 00                 1572 	.db #0x00	; 0
   05E8 FF                 1573 	.db #0xff	; 255
   05E9 00                 1574 	.db #0x00	; 0
   05EA AA                 1575 	.db #0xaa	; 170
   05EB 54                 1576 	.db #0x54	; 84	'T'
   05EC 00                 1577 	.db #0x00	; 0
   05ED F3                 1578 	.db #0xf3	; 243
   05EE 00                 1579 	.db #0x00	; 0
   05EF F3                 1580 	.db #0xf3	; 243
   05F0 00                 1581 	.db #0x00	; 0
   05F1 E8                 1582 	.db #0xe8	; 232
   05F2 00                 1583 	.db #0x00	; 0
   05F3 00                 1584 	.db #0x00	; 0
   05F4 55                 1585 	.db #0x55	; 85	'U'
   05F5 00                 1586 	.db #0x00	; 0
   05F6 FF                 1587 	.db #0xff	; 255
   05F7 00                 1588 	.db #0x00	; 0
   05F8 00                 1589 	.db #0x00	; 0
   05F9 54                 1590 	.db #0x54	; 84	'T'
   05FA 00                 1591 	.db #0x00	; 0
   05FB F3                 1592 	.db #0xf3	; 243
   05FC 00                 1593 	.db #0x00	; 0
   05FD F6                 1594 	.db #0xf6	; 246
   05FE 00                 1595 	.db #0x00	; 0
   05FF FC                 1596 	.db #0xfc	; 252
   0600 00                 1597 	.db #0x00	; 0
   0601 00                 1598 	.db #0x00	; 0
   0602 FF                 1599 	.db #0xff	; 255
   0603 00                 1600 	.db #0x00	; 0
   0604 FF                 1601 	.db #0xff	; 255
   0605 00                 1602 	.db #0x00	; 0
   0606 00                 1603 	.db #0x00	; 0
   0607 54                 1604 	.db #0x54	; 84	'T'
   0608 00                 1605 	.db #0x00	; 0
   0609 FC                 1606 	.db #0xfc	; 252
   060A 00                 1607 	.db #0x00	; 0
   060B FC                 1608 	.db #0xfc	; 252
   060C 00                 1609 	.db #0x00	; 0
   060D 73                 1610 	.db #0x73	; 115	's'
   060E 55                 1611 	.db #0x55	; 85	'U'
   060F 00                 1612 	.db #0x00	; 0
   0610 FF                 1613 	.db #0xff	; 255
   0611 00                 1614 	.db #0x00	; 0
   0612 AA                 1615 	.db #0xaa	; 170
   0613 00                 1616 	.db #0x00	; 0
   0614 00                 1617 	.db #0x00	; 0
   0615 FC                 1618 	.db #0xfc	; 252
   0616 00                 1619 	.db #0x00	; 0
   0617 7C                 1620 	.db #0x7c	; 124
   0618 00                 1621 	.db #0x00	; 0
   0619 FC                 1622 	.db #0xfc	; 252
   061A 00                 1623 	.db #0x00	; 0
   061B 73                 1624 	.db #0x73	; 115	's'
   061C 55                 1625 	.db #0x55	; 85	'U'
   061D 00                 1626 	.db #0x00	; 0
   061E FF                 1627 	.db #0xff	; 255
   061F 00                 1628 	.db #0x00	; 0
   0620 AA                 1629 	.db #0xaa	; 170
   0621 00                 1630 	.db #0x00	; 0
   0622 00                 1631 	.db #0x00	; 0
   0623 FC                 1632 	.db #0xfc	; 252
   0624 00                 1633 	.db #0x00	; 0
   0625 7C                 1634 	.db #0x7c	; 124
   0626 00                 1635 	.db #0x00	; 0
   0627 FC                 1636 	.db #0xfc	; 252
   0628 00                 1637 	.db #0x00	; 0
   0629 73                 1638 	.db #0x73	; 115	's'
   062A 00                 1639 	.db #0x00	; 0
   062B A2                 1640 	.db #0xa2	; 162
   062C FF                 1641 	.db #0xff	; 255
   062D 00                 1642 	.db #0x00	; 0
   062E AA                 1643 	.db #0xaa	; 170
   062F 00                 1644 	.db #0x00	; 0
   0630 00                 1645 	.db #0x00	; 0
   0631 FC                 1646 	.db #0xfc	; 252
   0632 00                 1647 	.db #0x00	; 0
   0633 7C                 1648 	.db #0x7c	; 124
   0634 00                 1649 	.db #0x00	; 0
   0635 FC                 1650 	.db #0xfc	; 252
   0636 00                 1651 	.db #0x00	; 0
   0637 F9                 1652 	.db #0xf9	; 249
   0638 00                 1653 	.db #0x00	; 0
   0639 A2                 1654 	.db #0xa2	; 162
   063A FF                 1655 	.db #0xff	; 255
   063B 00                 1656 	.db #0x00	; 0
   063C AA                 1657 	.db #0xaa	; 170
   063D 00                 1658 	.db #0x00	; 0
   063E 00                 1659 	.db #0x00	; 0
   063F FC                 1660 	.db #0xfc	; 252
   0640 00                 1661 	.db #0x00	; 0
   0641 7C                 1662 	.db #0x7c	; 124
   0642 00                 1663 	.db #0x00	; 0
   0643 FC                 1664 	.db #0xfc	; 252
   0644 00                 1665 	.db #0x00	; 0
   0645 B9                 1666 	.db #0xb9	; 185
   0646 00                 1667 	.db #0x00	; 0
   0647 A2                 1668 	.db #0xa2	; 162
   0648 FF                 1669 	.db #0xff	; 255
   0649 00                 1670 	.db #0x00	; 0
   064A AA                 1671 	.db #0xaa	; 170
   064B 00                 1672 	.db #0x00	; 0
   064C 00                 1673 	.db #0x00	; 0
   064D 36                 1674 	.db #0x36	; 54	'6'
   064E 00                 1675 	.db #0x00	; 0
   064F 3C                 1676 	.db #0x3c	; 60
   0650 00                 1677 	.db #0x00	; 0
   0651 7C                 1678 	.db #0x7c	; 124
   0652 00                 1679 	.db #0x00	; 0
   0653 B9                 1680 	.db #0xb9	; 185
   0654 00                 1681 	.db #0x00	; 0
   0655 A2                 1682 	.db #0xa2	; 162
   0656 FF                 1683 	.db #0xff	; 255
   0657 00                 1684 	.db #0x00	; 0
   0658 AA                 1685 	.db #0xaa	; 170
   0659 00                 1686 	.db #0x00	; 0
   065A 00                 1687 	.db #0x00	; 0
   065B 73                 1688 	.db #0x73	; 115	's'
   065C 00                 1689 	.db #0x00	; 0
   065D FC                 1690 	.db #0xfc	; 252
   065E 00                 1691 	.db #0x00	; 0
   065F FC                 1692 	.db #0xfc	; 252
   0660 00                 1693 	.db #0x00	; 0
   0661 B9                 1694 	.db #0xb9	; 185
   0662 00                 1695 	.db #0x00	; 0
   0663 F3                 1696 	.db #0xf3	; 243
   0664 00                 1697 	.db #0x00	; 0
   0665 00                 1698 	.db #0x00	; 0
   0666 AA                 1699 	.db #0xaa	; 170
   0667 00                 1700 	.db #0x00	; 0
   0668 00                 1701 	.db #0x00	; 0
   0669 73                 1702 	.db #0x73	; 115	's'
   066A 00                 1703 	.db #0x00	; 0
   066B FC                 1704 	.db #0xfc	; 252
   066C 00                 1705 	.db #0x00	; 0
   066D FC                 1706 	.db #0xfc	; 252
   066E 00                 1707 	.db #0x00	; 0
   066F FC                 1708 	.db #0xfc	; 252
   0670 00                 1709 	.db #0x00	; 0
   0671 73                 1710 	.db #0x73	; 115	's'
   0672 00                 1711 	.db #0x00	; 0
   0673 A2                 1712 	.db #0xa2	; 162
   0674 AA                 1713 	.db #0xaa	; 170
   0675 00                 1714 	.db #0x00	; 0
   0676 00                 1715 	.db #0x00	; 0
   0677 73                 1716 	.db #0x73	; 115	's'
   0678 00                 1717 	.db #0x00	; 0
   0679 FC                 1718 	.db #0xfc	; 252
   067A 00                 1719 	.db #0x00	; 0
   067B FC                 1720 	.db #0xfc	; 252
   067C 00                 1721 	.db #0x00	; 0
   067D A8                 1722 	.db #0xa8	; 168
   067E 00                 1723 	.db #0x00	; 0
   067F 00                 1724 	.db #0x00	; 0
   0680 55                 1725 	.db #0x55	; 85	'U'
   0681 00                 1726 	.db #0x00	; 0
   0682 FF                 1727 	.db #0xff	; 255
   0683 00                 1728 	.db #0x00	; 0
   0684 00                 1729 	.db #0x00	; 0
   0685 11                 1730 	.db #0x11	; 17
   0686 00                 1731 	.db #0x00	; 0
   0687 00                 1732 	.db #0x00	; 0
   0688 00                 1733 	.db #0x00	; 0
   0689 55                 1734 	.db #0x55	; 85	'U'
   068A 00                 1735 	.db #0x00	; 0
   068B A0                 1736 	.db #0xa0	; 160
   068C FF                 1737 	.db #0xff	; 255
   068D 00                 1738 	.db #0x00	; 0
   068E FF                 1739 	.db #0xff	; 255
   068F 00                 1740 	.db #0x00	; 0
   0690 FF                 1741 	.db #0xff	; 255
   0691 00                 1742 	.db #0x00	; 0
   0692 AA                 1743 	.db #0xaa	; 170
   0693 00                 1744 	.db #0x00	; 0
   0694 00                 1745 	.db #0x00	; 0
   0695 55                 1746 	.db #0x55	; 85	'U'
   0696 00                 1747 	.db #0x00	; 0
   0697 55                 1748 	.db #0x55	; 85	'U'
   0698 00                 1749 	.db #0x00	; 0
   0699 A0                 1750 	.db #0xa0	; 160
   069A FF                 1751 	.db #0xff	; 255
   069B 00                 1752 	.db #0x00	; 0
   069C FF                 1753 	.db #0xff	; 255
   069D 00                 1754 	.db #0x00	; 0
   069E FF                 1755 	.db #0xff	; 255
   069F 00                 1756 	.db #0x00	; 0
   06A0 FF                 1757 	.db #0xff	; 255
   06A1 00                 1758 	.db #0x00	; 0
   06A2 00                 1759 	.db #0x00	; 0
   06A3 55                 1760 	.db #0x55	; 85	'U'
   06A4 00                 1761 	.db #0x00	; 0
   06A5 55                 1762 	.db #0x55	; 85	'U'
   06A6 00                 1763 	.db #0x00	; 0
   06A7 A0                 1764 	.db #0xa0	; 160
   06A8 FF                 1765 	.db #0xff	; 255
   06A9 00                 1766 	.db #0x00	; 0
   06AA FF                 1767 	.db #0xff	; 255
   06AB 00                 1768 	.db #0x00	; 0
   06AC FF                 1769 	.db #0xff	; 255
   06AD 00                 1770 	.db #0x00	; 0
   06AE AA                 1771 	.db #0xaa	; 170
   06AF 00                 1772 	.db #0x00	; 0
   06B0 00                 1773 	.db #0x00	; 0
   06B1 AA                 1774 	.db #0xaa	; 170
   06B2 00                 1775 	.db #0x00	; 0
   06B3 55                 1776 	.db #0x55	; 85	'U'
   06B4 00                 1777 	.db #0x00	; 0
   06B5 A0                 1778 	.db #0xa0	; 160
   06B6 FF                 1779 	.db #0xff	; 255
   06B7 00                 1780 	.db #0x00	; 0
   06B8 FF                 1781 	.db #0xff	; 255
   06B9 00                 1782 	.db #0x00	; 0
   06BA FF                 1783 	.db #0xff	; 255
   06BB 00                 1784 	.db #0x00	; 0
   06BC AA                 1785 	.db #0xaa	; 170
   06BD 00                 1786 	.db #0x00	; 0
   06BE 00                 1787 	.db #0x00	; 0
   06BF AA                 1788 	.db #0xaa	; 170
   06C0 00                 1789 	.db #0x00	; 0
   06C1 55                 1790 	.db #0x55	; 85	'U'
   06C2 00                 1791 	.db #0x00	; 0
   06C3 A0                 1792 	.db #0xa0	; 160
   06C4 FF                 1793 	.db #0xff	; 255
   06C5 00                 1794 	.db #0x00	; 0
   06C6 FF                 1795 	.db #0xff	; 255
   06C7 00                 1796 	.db #0x00	; 0
   06C8 FF                 1797 	.db #0xff	; 255
   06C9 00                 1798 	.db #0x00	; 0
   06CA 00                 1799 	.db #0x00	; 0
   06CB 55                 1800 	.db #0x55	; 85	'U'
   06CC 00                 1801 	.db #0x00	; 0
   06CD AA                 1802 	.db #0xaa	; 170
   06CE AA                 1803 	.db #0xaa	; 170
   06CF 55                 1804 	.db #0x55	; 85	'U'
   06D0 00                 1805 	.db #0x00	; 0
   06D1 A0                 1806 	.db #0xa0	; 160
   06D2 FF                 1807 	.db #0xff	; 255
   06D3 00                 1808 	.db #0x00	; 0
   06D4 FF                 1809 	.db #0xff	; 255
   06D5 00                 1810 	.db #0x00	; 0
   06D6 FF                 1811 	.db #0xff	; 255
   06D7 00                 1812 	.db #0x00	; 0
   06D8 00                 1813 	.db #0x00	; 0
   06D9 55                 1814 	.db #0x55	; 85	'U'
   06DA 55                 1815 	.db #0x55	; 85	'U'
   06DB 00                 1816 	.db #0x00	; 0
   06DC AA                 1817 	.db #0xaa	; 170
   06DD 55                 1818 	.db #0x55	; 85	'U'
   06DE 00                 1819 	.db #0x00	; 0
   06DF A0                 1820 	.db #0xa0	; 160
   06E0 FF                 1821 	.db #0xff	; 255
   06E1 00                 1822 	.db #0x00	; 0
   06E2 FF                 1823 	.db #0xff	; 255
   06E3 00                 1824 	.db #0x00	; 0
   06E4 FF                 1825 	.db #0xff	; 255
   06E5 00                 1826 	.db #0x00	; 0
   06E6 00                 1827 	.db #0x00	; 0
   06E7 55                 1828 	.db #0x55	; 85	'U'
   06E8 55                 1829 	.db #0x55	; 85	'U'
   06E9 00                 1830 	.db #0x00	; 0
   06EA AA                 1831 	.db #0xaa	; 170
   06EB 55                 1832 	.db #0x55	; 85	'U'
   06EC 00                 1833 	.db #0x00	; 0
   06ED A0                 1834 	.db #0xa0	; 160
   06EE FF                 1835 	.db #0xff	; 255
   06EF 00                 1836 	.db #0x00	; 0
   06F0 FF                 1837 	.db #0xff	; 255
   06F1 00                 1838 	.db #0x00	; 0
   06F2 AA                 1839 	.db #0xaa	; 170
   06F3 05                 1840 	.db #0x05	; 5
   06F4 00                 1841 	.db #0x00	; 0
   06F5 C0                 1842 	.db #0xc0	; 192
   06F6 55                 1843 	.db #0x55	; 85	'U'
   06F7 00                 1844 	.db #0x00	; 0
   06F8 00                 1845 	.db #0x00	; 0
   06F9 4A                 1846 	.db #0x4a	; 74	'J'
   06FA 00                 1847 	.db #0x00	; 0
   06FB 80                 1848 	.db #0x80	; 128
   06FC FF                 1849 	.db #0xff	; 255
   06FD 00                 1850 	.db #0x00	; 0
   06FE FF                 1851 	.db #0xff	; 255
   06FF 00                 1852 	.db #0x00	; 0
   0700                    1853 _g_pitu_jump:
   0700 FF                 1854 	.db #0xff	; 255
   0701 00                 1855 	.db #0x00	; 0
   0702 FF                 1856 	.db #0xff	; 255
   0703 00                 1857 	.db #0x00	; 0
   0704 00                 1858 	.db #0x00	; 0
   0705 00                 1859 	.db #0x00	; 0
   0706 00                 1860 	.db #0x00	; 0
   0707 00                 1861 	.db #0x00	; 0
   0708 00                 1862 	.db #0x00	; 0
   0709 00                 1863 	.db #0x00	; 0
   070A FF                 1864 	.db #0xff	; 255
   070B 00                 1865 	.db #0x00	; 0
   070C FF                 1866 	.db #0xff	; 255
   070D 00                 1867 	.db #0x00	; 0
   070E FF                 1868 	.db #0xff	; 255
   070F 00                 1869 	.db #0x00	; 0
   0710 AA                 1870 	.db #0xaa	; 170
   0711 00                 1871 	.db #0x00	; 0
   0712 00                 1872 	.db #0x00	; 0
   0713 00                 1873 	.db #0x00	; 0
   0714 00                 1874 	.db #0x00	; 0
   0715 00                 1875 	.db #0x00	; 0
   0716 00                 1876 	.db #0x00	; 0
   0717 00                 1877 	.db #0x00	; 0
   0718 55                 1878 	.db #0x55	; 85	'U'
   0719 00                 1879 	.db #0x00	; 0
   071A FF                 1880 	.db #0xff	; 255
   071B 00                 1881 	.db #0x00	; 0
   071C FF                 1882 	.db #0xff	; 255
   071D 00                 1883 	.db #0x00	; 0
   071E 00                 1884 	.db #0x00	; 0
   071F 00                 1885 	.db #0x00	; 0
   0720 00                 1886 	.db #0x00	; 0
   0721 00                 1887 	.db #0x00	; 0
   0722 00                 1888 	.db #0x00	; 0
   0723 00                 1889 	.db #0x00	; 0
   0724 00                 1890 	.db #0x00	; 0
   0725 73                 1891 	.db #0x73	; 115	's'
   0726 00                 1892 	.db #0x00	; 0
   0727 A2                 1893 	.db #0xa2	; 162
   0728 FF                 1894 	.db #0xff	; 255
   0729 00                 1895 	.db #0x00	; 0
   072A AA                 1896 	.db #0xaa	; 170
   072B 00                 1897 	.db #0x00	; 0
   072C 00                 1898 	.db #0x00	; 0
   072D 00                 1899 	.db #0x00	; 0
   072E 00                 1900 	.db #0x00	; 0
   072F 0C                 1901 	.db #0x0c	; 12
   0730 00                 1902 	.db #0x00	; 0
   0731 11                 1903 	.db #0x11	; 17
   0732 00                 1904 	.db #0x00	; 0
   0733 F3                 1905 	.db #0xf3	; 243
   0734 00                 1906 	.db #0x00	; 0
   0735 F3                 1907 	.db #0xf3	; 243
   0736 55                 1908 	.db #0x55	; 85	'U'
   0737 00                 1909 	.db #0x00	; 0
   0738 FF                 1910 	.db #0xff	; 255
   0739 00                 1911 	.db #0x00	; 0
   073A 00                 1912 	.db #0x00	; 0
   073B 00                 1913 	.db #0x00	; 0
   073C 00                 1914 	.db #0x00	; 0
   073D 00                 1915 	.db #0x00	; 0
   073E 00                 1916 	.db #0x00	; 0
   073F 11                 1917 	.db #0x11	; 17
   0740 00                 1918 	.db #0x00	; 0
   0741 00                 1919 	.db #0x00	; 0
   0742 00                 1920 	.db #0x00	; 0
   0743 51                 1921 	.db #0x51	; 81	'Q'
   0744 55                 1922 	.db #0x55	; 85	'U'
   0745 00                 1923 	.db #0x00	; 0
   0746 00                 1924 	.db #0x00	; 0
   0747 00                 1925 	.db #0x00	; 0
   0748 00                 1926 	.db #0x00	; 0
   0749 00                 1927 	.db #0x00	; 0
   074A 00                 1928 	.db #0x00	; 0
   074B 00                 1929 	.db #0x00	; 0
   074C 00                 1930 	.db #0x00	; 0
   074D 11                 1931 	.db #0x11	; 17
   074E 00                 1932 	.db #0x00	; 0
   074F 51                 1933 	.db #0x51	; 81	'Q'
   0750 00                 1934 	.db #0x00	; 0
   0751 82                 1935 	.db #0x82	; 130
   0752 55                 1936 	.db #0x55	; 85	'U'
   0753 00                 1937 	.db #0x00	; 0
   0754 AA                 1938 	.db #0xaa	; 170
   0755 00                 1939 	.db #0x00	; 0
   0756 00                 1940 	.db #0x00	; 0
   0757 00                 1941 	.db #0x00	; 0
   0758 00                 1942 	.db #0x00	; 0
   0759 B3                 1943 	.db #0xb3	; 179
   075A 00                 1944 	.db #0x00	; 0
   075B F3                 1945 	.db #0xf3	; 243
   075C 00                 1946 	.db #0x00	; 0
   075D 00                 1947 	.db #0x00	; 0
   075E 00                 1948 	.db #0x00	; 0
   075F 51                 1949 	.db #0x51	; 81	'Q'
   0760 00                 1950 	.db #0x00	; 0
   0761 A2                 1951 	.db #0xa2	; 162
   0762 00                 1952 	.db #0x00	; 0
   0763 00                 1953 	.db #0x00	; 0
   0764 00                 1954 	.db #0x00	; 0
   0765 00                 1955 	.db #0x00	; 0
   0766 00                 1956 	.db #0x00	; 0
   0767 51                 1957 	.db #0x51	; 81	'Q'
   0768 00                 1958 	.db #0x00	; 0
   0769 F3                 1959 	.db #0xf3	; 243
   076A 00                 1960 	.db #0x00	; 0
   076B E7                 1961 	.db #0xe7	; 231
   076C 00                 1962 	.db #0x00	; 0
   076D DB                 1963 	.db #0xdb	; 219
   076E 00                 1964 	.db #0x00	; 0
   076F 82                 1965 	.db #0x82	; 130
   0770 AA                 1966 	.db #0xaa	; 170
   0771 00                 1967 	.db #0x00	; 0
   0772 00                 1968 	.db #0x00	; 0
   0773 00                 1969 	.db #0x00	; 0
   0774 00                 1970 	.db #0x00	; 0
   0775 00                 1971 	.db #0x00	; 0
   0776 00                 1972 	.db #0x00	; 0
   0777 F3                 1973 	.db #0xf3	; 243
   0778 00                 1974 	.db #0x00	; 0
   0779 F3                 1975 	.db #0xf3	; 243
   077A 00                 1976 	.db #0x00	; 0
   077B 0F                 1977 	.db #0x0f	; 15
   077C 55                 1978 	.db #0x55	; 85	'U'
   077D 00                 1979 	.db #0x00	; 0
   077E AA                 1980 	.db #0xaa	; 170
   077F 00                 1981 	.db #0x00	; 0
   0780 00                 1982 	.db #0x00	; 0
   0781 00                 1983 	.db #0x00	; 0
   0782 00                 1984 	.db #0x00	; 0
   0783 00                 1985 	.db #0x00	; 0
   0784 00                 1986 	.db #0x00	; 0
   0785 F3                 1987 	.db #0xf3	; 243
   0786 00                 1988 	.db #0x00	; 0
   0787 F3                 1989 	.db #0xf3	; 243
   0788 00                 1990 	.db #0x00	; 0
   0789 0F                 1991 	.db #0x0f	; 15
   078A 55                 1992 	.db #0x55	; 85	'U'
   078B 00                 1993 	.db #0x00	; 0
   078C AA                 1994 	.db #0xaa	; 170
   078D 00                 1995 	.db #0x00	; 0
   078E 00                 1996 	.db #0x00	; 0
   078F 00                 1997 	.db #0x00	; 0
   0790 00                 1998 	.db #0x00	; 0
   0791 00                 1999 	.db #0x00	; 0
   0792 00                 2000 	.db #0x00	; 0
   0793 B3                 2001 	.db #0xb3	; 179
   0794 00                 2002 	.db #0x00	; 0
   0795 63                 2003 	.db #0x63	; 99	'c'
   0796 00                 2004 	.db #0x00	; 0
   0797 00                 2005 	.db #0x00	; 0
   0798 FF                 2006 	.db #0xff	; 255
   0799 00                 2007 	.db #0x00	; 0
   079A AA                 2008 	.db #0xaa	; 170
   079B 00                 2009 	.db #0x00	; 0
   079C 00                 2010 	.db #0x00	; 0
   079D 00                 2011 	.db #0x00	; 0
   079E 00                 2012 	.db #0x00	; 0
   079F 00                 2013 	.db #0x00	; 0
   07A0 00                 2014 	.db #0x00	; 0
   07A1 51                 2015 	.db #0x51	; 81	'Q'
   07A2 00                 2016 	.db #0x00	; 0
   07A3 E3                 2017 	.db #0xe3	; 227
   07A4 55                 2018 	.db #0x55	; 85	'U'
   07A5 00                 2019 	.db #0x00	; 0
   07A6 FF                 2020 	.db #0xff	; 255
   07A7 00                 2021 	.db #0x00	; 0
   07A8 AA                 2022 	.db #0xaa	; 170
   07A9 00                 2023 	.db #0x00	; 0
   07AA 00                 2024 	.db #0x00	; 0
   07AB 00                 2025 	.db #0x00	; 0
   07AC 00                 2026 	.db #0x00	; 0
   07AD D4                 2027 	.db #0xd4	; 212
   07AE 00                 2028 	.db #0x00	; 0
   07AF F3                 2029 	.db #0xf3	; 243
   07B0 00                 2030 	.db #0x00	; 0
   07B1 F3                 2031 	.db #0xf3	; 243
   07B2 55                 2032 	.db #0x55	; 85	'U'
   07B3 A8                 2033 	.db #0xa8	; 168
   07B4 FF                 2034 	.db #0xff	; 255
   07B5 00                 2035 	.db #0x00	; 0
   07B6 FF                 2036 	.db #0xff	; 255
   07B7 00                 2037 	.db #0x00	; 0
   07B8 00                 2038 	.db #0x00	; 0
   07B9 00                 2039 	.db #0x00	; 0
   07BA 00                 2040 	.db #0x00	; 0
   07BB FC                 2041 	.db #0xfc	; 252
   07BC 00                 2042 	.db #0x00	; 0
   07BD F9                 2043 	.db #0xf9	; 249
   07BE 00                 2044 	.db #0x00	; 0
   07BF F3                 2045 	.db #0xf3	; 243
   07C0 00                 2046 	.db #0x00	; 0
   07C1 A8                 2047 	.db #0xa8	; 168
   07C2 FF                 2048 	.db #0xff	; 255
   07C3 00                 2049 	.db #0x00	; 0
   07C4 FF                 2050 	.db #0xff	; 255
   07C5 00                 2051 	.db #0x00	; 0
   07C6 AA                 2052 	.db #0xaa	; 170
   07C7 00                 2053 	.db #0x00	; 0
   07C8 00                 2054 	.db #0x00	; 0
   07C9 FC                 2055 	.db #0xfc	; 252
   07CA 00                 2056 	.db #0x00	; 0
   07CB FC                 2057 	.db #0xfc	; 252
   07CC 00                 2058 	.db #0x00	; 0
   07CD BC                 2059 	.db #0xbc	; 188
   07CE 00                 2060 	.db #0x00	; 0
   07CF A8                 2061 	.db #0xa8	; 168
   07D0 FF                 2062 	.db #0xff	; 255
   07D1 00                 2063 	.db #0x00	; 0
   07D2 FF                 2064 	.db #0xff	; 255
   07D3 00                 2065 	.db #0x00	; 0
   07D4 AA                 2066 	.db #0xaa	; 170
   07D5 00                 2067 	.db #0x00	; 0
   07D6 00                 2068 	.db #0x00	; 0
   07D7 B3                 2069 	.db #0xb3	; 179
   07D8 00                 2070 	.db #0x00	; 0
   07D9 FC                 2071 	.db #0xfc	; 252
   07DA 00                 2072 	.db #0x00	; 0
   07DB BC                 2073 	.db #0xbc	; 188
   07DC 00                 2074 	.db #0x00	; 0
   07DD FC                 2075 	.db #0xfc	; 252
   07DE 55                 2076 	.db #0x55	; 85	'U'
   07DF 00                 2077 	.db #0x00	; 0
   07E0 FF                 2078 	.db #0xff	; 255
   07E1 00                 2079 	.db #0x00	; 0
   07E2 AA                 2080 	.db #0xaa	; 170
   07E3 00                 2081 	.db #0x00	; 0
   07E4 00                 2082 	.db #0x00	; 0
   07E5 F3                 2083 	.db #0xf3	; 243
   07E6 00                 2084 	.db #0x00	; 0
   07E7 FC                 2085 	.db #0xfc	; 252
   07E8 00                 2086 	.db #0x00	; 0
   07E9 BC                 2087 	.db #0xbc	; 188
   07EA 00                 2088 	.db #0x00	; 0
   07EB FC                 2089 	.db #0xfc	; 252
   07EC 55                 2090 	.db #0x55	; 85	'U'
   07ED 00                 2091 	.db #0x00	; 0
   07EE FF                 2092 	.db #0xff	; 255
   07EF 00                 2093 	.db #0x00	; 0
   07F0 FF                 2094 	.db #0xff	; 255
   07F1 00                 2095 	.db #0x00	; 0
   07F2 00                 2096 	.db #0x00	; 0
   07F3 51                 2097 	.db #0x51	; 81	'Q'
   07F4 00                 2098 	.db #0x00	; 0
   07F5 76                 2099 	.db #0x76	; 118	'v'
   07F6 00                 2100 	.db #0x00	; 0
   07F7 BC                 2101 	.db #0xbc	; 188
   07F8 00                 2102 	.db #0x00	; 0
   07F9 FC                 2103 	.db #0xfc	; 252
   07FA 55                 2104 	.db #0x55	; 85	'U'
   07FB 00                 2105 	.db #0x00	; 0
   07FC FF                 2106 	.db #0xff	; 255
   07FD 00                 2107 	.db #0x00	; 0
   07FE FF                 2108 	.db #0xff	; 255
   07FF 00                 2109 	.db #0x00	; 0
   0800 00                 2110 	.db #0x00	; 0
   0801 51                 2111 	.db #0x51	; 81	'Q'
   0802 00                 2112 	.db #0x00	; 0
   0803 76                 2113 	.db #0x76	; 118	'v'
   0804 00                 2114 	.db #0x00	; 0
   0805 3C                 2115 	.db #0x3c	; 60
   0806 00                 2116 	.db #0x00	; 0
   0807 79                 2117 	.db #0x79	; 121	'y'
   0808 55                 2118 	.db #0x55	; 85	'U'
   0809 00                 2119 	.db #0x00	; 0
   080A FF                 2120 	.db #0xff	; 255
   080B 00                 2121 	.db #0x00	; 0
   080C FF                 2122 	.db #0xff	; 255
   080D 00                 2123 	.db #0x00	; 0
   080E 00                 2124 	.db #0x00	; 0
   080F 51                 2125 	.db #0x51	; 81	'Q'
   0810 00                 2126 	.db #0x00	; 0
   0811 F6                 2127 	.db #0xf6	; 246
   0812 00                 2128 	.db #0x00	; 0
   0813 FC                 2129 	.db #0xfc	; 252
   0814 00                 2130 	.db #0x00	; 0
   0815 51                 2131 	.db #0x51	; 81	'Q'
   0816 00                 2132 	.db #0x00	; 0
   0817 22                 2133 	.db #0x22	; 34
   0818 FF                 2134 	.db #0xff	; 255
   0819 00                 2135 	.db #0x00	; 0
   081A FF                 2136 	.db #0xff	; 255
   081B 00                 2137 	.db #0x00	; 0
   081C AA                 2138 	.db #0xaa	; 170
   081D 51                 2139 	.db #0x51	; 81	'Q'
   081E 00                 2140 	.db #0x00	; 0
   081F F6                 2141 	.db #0xf6	; 246
   0820 00                 2142 	.db #0x00	; 0
   0821 FC                 2143 	.db #0xfc	; 252
   0822 AA                 2144 	.db #0xaa	; 170
   0823 00                 2145 	.db #0x00	; 0
   0824 00                 2146 	.db #0x00	; 0
   0825 22                 2147 	.db #0x22	; 34
   0826 FF                 2148 	.db #0xff	; 255
   0827 00                 2149 	.db #0x00	; 0
   0828 FF                 2150 	.db #0xff	; 255
   0829 00                 2151 	.db #0x00	; 0
   082A 00                 2152 	.db #0x00	; 0
   082B 51                 2153 	.db #0x51	; 81	'Q'
   082C 00                 2154 	.db #0x00	; 0
   082D B3                 2155 	.db #0xb3	; 179
   082E 00                 2156 	.db #0x00	; 0
   082F FC                 2157 	.db #0xfc	; 252
   0830 AA                 2158 	.db #0xaa	; 170
   0831 00                 2159 	.db #0x00	; 0
   0832 00                 2160 	.db #0x00	; 0
   0833 A2                 2161 	.db #0xa2	; 162
   0834 FF                 2162 	.db #0xff	; 255
   0835 00                 2163 	.db #0x00	; 0
   0836 AA                 2164 	.db #0xaa	; 170
   0837 00                 2165 	.db #0x00	; 0
   0838 00                 2166 	.db #0x00	; 0
   0839 F3                 2167 	.db #0xf3	; 243
   083A 00                 2168 	.db #0x00	; 0
   083B 22                 2169 	.db #0x22	; 34
   083C 00                 2170 	.db #0x00	; 0
   083D AA                 2171 	.db #0xaa	; 170
   083E 00                 2172 	.db #0x00	; 0
   083F 51                 2173 	.db #0x51	; 81	'Q'
   0840 00                 2174 	.db #0x00	; 0
   0841 A2                 2175 	.db #0xa2	; 162
   0842 FF                 2176 	.db #0xff	; 255
   0843 00                 2177 	.db #0x00	; 0
   0844 FF                 2178 	.db #0xff	; 255
   0845 00                 2179 	.db #0x00	; 0
   0846 00                 2180 	.db #0x00	; 0
   0847 00                 2181 	.db #0x00	; 0
   0848 00                 2182 	.db #0x00	; 0
   0849 55                 2183 	.db #0x55	; 85	'U'
   084A 00                 2184 	.db #0x00	; 0
   084B AA                 2185 	.db #0xaa	; 170
   084C AA                 2186 	.db #0xaa	; 170
   084D 00                 2187 	.db #0x00	; 0
   084E 55                 2188 	.db #0x55	; 85	'U'
   084F 00                 2189 	.db #0x00	; 0
   0850 FF                 2190 	.db #0xff	; 255
   0851 00                 2191 	.db #0x00	; 0
   0852 FF                 2192 	.db #0xff	; 255
   0853 00                 2193 	.db #0x00	; 0
   0854 00                 2194 	.db #0x00	; 0
   0855 50                 2195 	.db #0x50	; 80	'P'
   0856 00                 2196 	.db #0x00	; 0
   0857 AA                 2197 	.db #0xaa	; 170
   0858 00                 2198 	.db #0x00	; 0
   0859 FF                 2199 	.db #0xff	; 255
   085A FF                 2200 	.db #0xff	; 255
   085B 00                 2201 	.db #0x00	; 0
   085C FF                 2202 	.db #0xff	; 255
   085D 00                 2203 	.db #0x00	; 0
   085E FF                 2204 	.db #0xff	; 255
   085F 00                 2205 	.db #0x00	; 0
   0860 FF                 2206 	.db #0xff	; 255
   0861 00                 2207 	.db #0x00	; 0
   0862 00                 2208 	.db #0x00	; 0
   0863 50                 2209 	.db #0x50	; 80	'P'
   0864 00                 2210 	.db #0x00	; 0
   0865 AA                 2211 	.db #0xaa	; 170
   0866 00                 2212 	.db #0x00	; 0
   0867 55                 2213 	.db #0x55	; 85	'U'
   0868 55                 2214 	.db #0x55	; 85	'U'
   0869 00                 2215 	.db #0x00	; 0
   086A FF                 2216 	.db #0xff	; 255
   086B 00                 2217 	.db #0x00	; 0
   086C FF                 2218 	.db #0xff	; 255
   086D 00                 2219 	.db #0x00	; 0
   086E FF                 2220 	.db #0xff	; 255
   086F 00                 2221 	.db #0x00	; 0
   0870 AA                 2222 	.db #0xaa	; 170
   0871 00                 2223 	.db #0x00	; 0
   0872 00                 2224 	.db #0x00	; 0
   0873 F5                 2225 	.db #0xf5	; 245
   0874 00                 2226 	.db #0x00	; 0
   0875 55                 2227 	.db #0x55	; 85	'U'
   0876 00                 2228 	.db #0x00	; 0
   0877 AA                 2229 	.db #0xaa	; 170
   0878 FF                 2230 	.db #0xff	; 255
   0879 00                 2231 	.db #0x00	; 0
   087A FF                 2232 	.db #0xff	; 255
   087B 00                 2233 	.db #0x00	; 0
   087C FF                 2234 	.db #0xff	; 255
   087D 00                 2235 	.db #0x00	; 0
   087E FF                 2236 	.db #0xff	; 255
   087F 00                 2237 	.db #0x00	; 0
   0880 00                 2238 	.db #0x00	; 0
   0881 55                 2239 	.db #0x55	; 85	'U'
   0882 AA                 2240 	.db #0xaa	; 170
   0883 00                 2241 	.db #0x00	; 0
   0884 00                 2242 	.db #0x00	; 0
   0885 FF                 2243 	.db #0xff	; 255
   0886 FF                 2244 	.db #0xff	; 255
   0887 00                 2245 	.db #0x00	; 0
   0888 FF                 2246 	.db #0xff	; 255
   0889 00                 2247 	.db #0x00	; 0
   088A FF                 2248 	.db #0xff	; 255
   088B 00                 2249 	.db #0x00	; 0
   088C FF                 2250 	.db #0xff	; 255
   088D 00                 2251 	.db #0x00	; 0
   088E 00                 2252 	.db #0x00	; 0
   088F 50                 2253 	.db #0x50	; 80	'P'
   0890 FF                 2254 	.db #0xff	; 255
   0891 00                 2255 	.db #0x00	; 0
   0892 00                 2256 	.db #0x00	; 0
   0893 55                 2257 	.db #0x55	; 85	'U'
   0894 55                 2258 	.db #0x55	; 85	'U'
   0895 AA                 2259 	.db #0xaa	; 170
   0896 FF                 2260 	.db #0xff	; 255
   0897 00                 2261 	.db #0x00	; 0
   0898 FF                 2262 	.db #0xff	; 255
   0899 00                 2263 	.db #0x00	; 0
   089A FF                 2264 	.db #0xff	; 255
   089B 00                 2265 	.db #0x00	; 0
   089C 00                 2266 	.db #0x00	; 0
   089D 50                 2267 	.db #0x50	; 80	'P'
   089E FF                 2268 	.db #0xff	; 255
   089F 00                 2269 	.db #0x00	; 0
   08A0 AA                 2270 	.db #0xaa	; 170
   08A1 40                 2271 	.db #0x40	; 64
   08A2 00                 2272 	.db #0x00	; 0
   08A3 85                 2273 	.db #0x85	; 133
   08A4 FF                 2274 	.db #0xff	; 255
   08A5 00                 2275 	.db #0x00	; 0
   08A6 FF                 2276 	.db #0xff	; 255
   08A7 00                 2277 	.db #0x00	; 0
   08A8 FF                 2278 	.db #0xff	; 255
   08A9 00                 2279 	.db #0x00	; 0
   08AA 00                 2280 	.db #0x00	; 0
   08AB C0                 2281 	.db #0xc0	; 192
   08AC 55                 2282 	.db #0x55	; 85	'U'
   08AD 0A                 2283 	.db #0x0a	; 10
   08AE FF                 2284 	.db #0xff	; 255
   08AF 00                 2285 	.db #0x00	; 0
   08B0 FF                 2286 	.db #0xff	; 255
   08B1 00                 2287 	.db #0x00	; 0
   08B2 FF                 2288 	.db #0xff	; 255
   08B3 00                 2289 	.db #0x00	; 0
   08B4 FF                 2290 	.db #0xff	; 255
   08B5 00                 2291 	.db #0x00	; 0
   08B6 FF                 2292 	.db #0xff	; 255
   08B7 00                 2293 	.db #0x00	; 0
   08B8 FF                 2294 	.db #0xff	; 255
   08B9 00                 2295 	.db #0x00	; 0
   08BA FF                 2296 	.db #0xff	; 255
   08BB 00                 2297 	.db #0x00	; 0
   08BC FF                 2298 	.db #0xff	; 255
   08BD 00                 2299 	.db #0x00	; 0
   08BE FF                 2300 	.db #0xff	; 255
   08BF 00                 2301 	.db #0x00	; 0
   08C0                    2302 _g_pitu_jump_rev:
   08C0 FF                 2303 	.db #0xff	; 255
   08C1 00                 2304 	.db #0x00	; 0
   08C2 FF                 2305 	.db #0xff	; 255
   08C3 00                 2306 	.db #0x00	; 0
   08C4 00                 2307 	.db #0x00	; 0
   08C5 00                 2308 	.db #0x00	; 0
   08C6 00                 2309 	.db #0x00	; 0
   08C7 00                 2310 	.db #0x00	; 0
   08C8 00                 2311 	.db #0x00	; 0
   08C9 00                 2312 	.db #0x00	; 0
   08CA FF                 2313 	.db #0xff	; 255
   08CB 00                 2314 	.db #0x00	; 0
   08CC FF                 2315 	.db #0xff	; 255
   08CD 00                 2316 	.db #0x00	; 0
   08CE FF                 2317 	.db #0xff	; 255
   08CF 00                 2318 	.db #0x00	; 0
   08D0 AA                 2319 	.db #0xaa	; 170
   08D1 00                 2320 	.db #0x00	; 0
   08D2 00                 2321 	.db #0x00	; 0
   08D3 00                 2322 	.db #0x00	; 0
   08D4 00                 2323 	.db #0x00	; 0
   08D5 00                 2324 	.db #0x00	; 0
   08D6 00                 2325 	.db #0x00	; 0
   08D7 00                 2326 	.db #0x00	; 0
   08D8 55                 2327 	.db #0x55	; 85	'U'
   08D9 00                 2328 	.db #0x00	; 0
   08DA FF                 2329 	.db #0xff	; 255
   08DB 00                 2330 	.db #0x00	; 0
   08DC FF                 2331 	.db #0xff	; 255
   08DD 00                 2332 	.db #0x00	; 0
   08DE 00                 2333 	.db #0x00	; 0
   08DF 51                 2334 	.db #0x51	; 81	'Q'
   08E0 00                 2335 	.db #0x00	; 0
   08E1 B3                 2336 	.db #0xb3	; 179
   08E2 00                 2337 	.db #0x00	; 0
   08E3 00                 2338 	.db #0x00	; 0
   08E4 00                 2339 	.db #0x00	; 0
   08E5 00                 2340 	.db #0x00	; 0
   08E6 00                 2341 	.db #0x00	; 0
   08E7 00                 2342 	.db #0x00	; 0
   08E8 FF                 2343 	.db #0xff	; 255
   08E9 00                 2344 	.db #0x00	; 0
   08EA AA                 2345 	.db #0xaa	; 170
   08EB 00                 2346 	.db #0x00	; 0
   08EC 00                 2347 	.db #0x00	; 0
   08ED F3                 2348 	.db #0xf3	; 243
   08EE 00                 2349 	.db #0x00	; 0
   08EF F3                 2350 	.db #0xf3	; 243
   08F0 00                 2351 	.db #0x00	; 0
   08F1 22                 2352 	.db #0x22	; 34
   08F2 00                 2353 	.db #0x00	; 0
   08F3 0C                 2354 	.db #0x0c	; 12
   08F4 00                 2355 	.db #0x00	; 0
   08F5 00                 2356 	.db #0x00	; 0
   08F6 55                 2357 	.db #0x55	; 85	'U'
   08F7 00                 2358 	.db #0x00	; 0
   08F8 AA                 2359 	.db #0xaa	; 170
   08F9 00                 2360 	.db #0x00	; 0
   08FA 00                 2361 	.db #0x00	; 0
   08FB A2                 2362 	.db #0xa2	; 162
   08FC 00                 2363 	.db #0x00	; 0
   08FD 00                 2364 	.db #0x00	; 0
   08FE 00                 2365 	.db #0x00	; 0
   08FF 22                 2366 	.db #0x22	; 34
   0900 00                 2367 	.db #0x00	; 0
   0901 00                 2368 	.db #0x00	; 0
   0902 00                 2369 	.db #0x00	; 0
   0903 00                 2370 	.db #0x00	; 0
   0904 FF                 2371 	.db #0xff	; 255
   0905 00                 2372 	.db #0x00	; 0
   0906 AA                 2373 	.db #0xaa	; 170
   0907 00                 2374 	.db #0x00	; 0
   0908 00                 2375 	.db #0x00	; 0
   0909 41                 2376 	.db #0x41	; 65	'A'
   090A 00                 2377 	.db #0x00	; 0
   090B A2                 2378 	.db #0xa2	; 162
   090C 00                 2379 	.db #0x00	; 0
   090D 22                 2380 	.db #0x22	; 34
   090E 00                 2381 	.db #0x00	; 0
   090F 00                 2382 	.db #0x00	; 0
   0910 00                 2383 	.db #0x00	; 0
   0911 00                 2384 	.db #0x00	; 0
   0912 00                 2385 	.db #0x00	; 0
   0913 00                 2386 	.db #0x00	; 0
   0914 00                 2387 	.db #0x00	; 0
   0915 51                 2388 	.db #0x51	; 81	'Q'
   0916 00                 2389 	.db #0x00	; 0
   0917 A2                 2390 	.db #0xa2	; 162
   0918 00                 2391 	.db #0x00	; 0
   0919 00                 2392 	.db #0x00	; 0
   091A 00                 2393 	.db #0x00	; 0
   091B F3                 2394 	.db #0xf3	; 243
   091C 00                 2395 	.db #0x00	; 0
   091D 73                 2396 	.db #0x73	; 115	's'
   091E 00                 2397 	.db #0x00	; 0
   091F 00                 2398 	.db #0x00	; 0
   0920 55                 2399 	.db #0x55	; 85	'U'
   0921 00                 2400 	.db #0x00	; 0
   0922 00                 2401 	.db #0x00	; 0
   0923 41                 2402 	.db #0x41	; 65	'A'
   0924 00                 2403 	.db #0x00	; 0
   0925 E7                 2404 	.db #0xe7	; 231
   0926 00                 2405 	.db #0x00	; 0
   0927 DB                 2406 	.db #0xdb	; 219
   0928 00                 2407 	.db #0x00	; 0
   0929 F3                 2408 	.db #0xf3	; 243
   092A 00                 2409 	.db #0x00	; 0
   092B A2                 2410 	.db #0xa2	; 162
   092C 00                 2411 	.db #0x00	; 0
   092D 00                 2412 	.db #0x00	; 0
   092E 00                 2413 	.db #0x00	; 0
   092F 00                 2414 	.db #0x00	; 0
   0930 AA                 2415 	.db #0xaa	; 170
   0931 00                 2416 	.db #0x00	; 0
   0932 00                 2417 	.db #0x00	; 0
   0933 0F                 2418 	.db #0x0f	; 15
   0934 00                 2419 	.db #0x00	; 0
   0935 F3                 2420 	.db #0xf3	; 243
   0936 00                 2421 	.db #0x00	; 0
   0937 F3                 2422 	.db #0xf3	; 243
   0938 00                 2423 	.db #0x00	; 0
   0939 00                 2424 	.db #0x00	; 0
   093A 00                 2425 	.db #0x00	; 0
   093B 00                 2426 	.db #0x00	; 0
   093C 55                 2427 	.db #0x55	; 85	'U'
   093D 00                 2428 	.db #0x00	; 0
   093E AA                 2429 	.db #0xaa	; 170
   093F 00                 2430 	.db #0x00	; 0
   0940 00                 2431 	.db #0x00	; 0
   0941 0F                 2432 	.db #0x0f	; 15
   0942 00                 2433 	.db #0x00	; 0
   0943 F3                 2434 	.db #0xf3	; 243
   0944 00                 2435 	.db #0x00	; 0
   0945 F3                 2436 	.db #0xf3	; 243
   0946 00                 2437 	.db #0x00	; 0
   0947 00                 2438 	.db #0x00	; 0
   0948 00                 2439 	.db #0x00	; 0
   0949 00                 2440 	.db #0x00	; 0
   094A 55                 2441 	.db #0x55	; 85	'U'
   094B 00                 2442 	.db #0x00	; 0
   094C FF                 2443 	.db #0xff	; 255
   094D 00                 2444 	.db #0x00	; 0
   094E 00                 2445 	.db #0x00	; 0
   094F 00                 2446 	.db #0x00	; 0
   0950 00                 2447 	.db #0x00	; 0
   0951 93                 2448 	.db #0x93	; 147
   0952 00                 2449 	.db #0x00	; 0
   0953 73                 2450 	.db #0x73	; 115	's'
   0954 00                 2451 	.db #0x00	; 0
   0955 00                 2452 	.db #0x00	; 0
   0956 00                 2453 	.db #0x00	; 0
   0957 00                 2454 	.db #0x00	; 0
   0958 55                 2455 	.db #0x55	; 85	'U'
   0959 00                 2456 	.db #0x00	; 0
   095A FF                 2457 	.db #0xff	; 255
   095B 00                 2458 	.db #0x00	; 0
   095C AA                 2459 	.db #0xaa	; 170
   095D 00                 2460 	.db #0x00	; 0
   095E 00                 2461 	.db #0x00	; 0
   095F D3                 2462 	.db #0xd3	; 211
   0960 00                 2463 	.db #0x00	; 0
   0961 A2                 2464 	.db #0xa2	; 162
   0962 00                 2465 	.db #0x00	; 0
   0963 00                 2466 	.db #0x00	; 0
   0964 00                 2467 	.db #0x00	; 0
   0965 00                 2468 	.db #0x00	; 0
   0966 55                 2469 	.db #0x55	; 85	'U'
   0967 00                 2470 	.db #0x00	; 0
   0968 FF                 2471 	.db #0xff	; 255
   0969 00                 2472 	.db #0x00	; 0
   096A AA                 2473 	.db #0xaa	; 170
   096B 54                 2474 	.db #0x54	; 84	'T'
   096C 00                 2475 	.db #0x00	; 0
   096D F3                 2476 	.db #0xf3	; 243
   096E 00                 2477 	.db #0x00	; 0
   096F F3                 2478 	.db #0xf3	; 243
   0970 00                 2479 	.db #0x00	; 0
   0971 E8                 2480 	.db #0xe8	; 232
   0972 00                 2481 	.db #0x00	; 0
   0973 00                 2482 	.db #0x00	; 0
   0974 55                 2483 	.db #0x55	; 85	'U'
   0975 00                 2484 	.db #0x00	; 0
   0976 FF                 2485 	.db #0xff	; 255
   0977 00                 2486 	.db #0x00	; 0
   0978 00                 2487 	.db #0x00	; 0
   0979 54                 2488 	.db #0x54	; 84	'T'
   097A 00                 2489 	.db #0x00	; 0
   097B F3                 2490 	.db #0xf3	; 243
   097C 00                 2491 	.db #0x00	; 0
   097D F6                 2492 	.db #0xf6	; 246
   097E 00                 2493 	.db #0x00	; 0
   097F FC                 2494 	.db #0xfc	; 252
   0980 00                 2495 	.db #0x00	; 0
   0981 00                 2496 	.db #0x00	; 0
   0982 FF                 2497 	.db #0xff	; 255
   0983 00                 2498 	.db #0x00	; 0
   0984 FF                 2499 	.db #0xff	; 255
   0985 00                 2500 	.db #0x00	; 0
   0986 00                 2501 	.db #0x00	; 0
   0987 54                 2502 	.db #0x54	; 84	'T'
   0988 00                 2503 	.db #0x00	; 0
   0989 7C                 2504 	.db #0x7c	; 124
   098A 00                 2505 	.db #0x00	; 0
   098B FC                 2506 	.db #0xfc	; 252
   098C 00                 2507 	.db #0x00	; 0
   098D FC                 2508 	.db #0xfc	; 252
   098E 55                 2509 	.db #0x55	; 85	'U'
   098F 00                 2510 	.db #0x00	; 0
   0990 FF                 2511 	.db #0xff	; 255
   0991 00                 2512 	.db #0x00	; 0
   0992 AA                 2513 	.db #0xaa	; 170
   0993 00                 2514 	.db #0x00	; 0
   0994 00                 2515 	.db #0x00	; 0
   0995 FC                 2516 	.db #0xfc	; 252
   0996 00                 2517 	.db #0x00	; 0
   0997 7C                 2518 	.db #0x7c	; 124
   0998 00                 2519 	.db #0x00	; 0
   0999 FC                 2520 	.db #0xfc	; 252
   099A 00                 2521 	.db #0x00	; 0
   099B 73                 2522 	.db #0x73	; 115	's'
   099C 55                 2523 	.db #0x55	; 85	'U'
   099D 00                 2524 	.db #0x00	; 0
   099E FF                 2525 	.db #0xff	; 255
   099F 00                 2526 	.db #0x00	; 0
   09A0 AA                 2527 	.db #0xaa	; 170
   09A1 00                 2528 	.db #0x00	; 0
   09A2 00                 2529 	.db #0x00	; 0
   09A3 FC                 2530 	.db #0xfc	; 252
   09A4 00                 2531 	.db #0x00	; 0
   09A5 7C                 2532 	.db #0x7c	; 124
   09A6 00                 2533 	.db #0x00	; 0
   09A7 FC                 2534 	.db #0xfc	; 252
   09A8 00                 2535 	.db #0x00	; 0
   09A9 F3                 2536 	.db #0xf3	; 243
   09AA 55                 2537 	.db #0x55	; 85	'U'
   09AB 00                 2538 	.db #0x00	; 0
   09AC FF                 2539 	.db #0xff	; 255
   09AD 00                 2540 	.db #0x00	; 0
   09AE AA                 2541 	.db #0xaa	; 170
   09AF 00                 2542 	.db #0x00	; 0
   09B0 00                 2543 	.db #0x00	; 0
   09B1 FC                 2544 	.db #0xfc	; 252
   09B2 00                 2545 	.db #0x00	; 0
   09B3 7C                 2546 	.db #0x7c	; 124
   09B4 00                 2547 	.db #0x00	; 0
   09B5 B9                 2548 	.db #0xb9	; 185
   09B6 00                 2549 	.db #0x00	; 0
   09B7 A2                 2550 	.db #0xa2	; 162
   09B8 FF                 2551 	.db #0xff	; 255
   09B9 00                 2552 	.db #0x00	; 0
   09BA FF                 2553 	.db #0xff	; 255
   09BB 00                 2554 	.db #0x00	; 0
   09BC AA                 2555 	.db #0xaa	; 170
   09BD 00                 2556 	.db #0x00	; 0
   09BE 00                 2557 	.db #0x00	; 0
   09BF B6                 2558 	.db #0xb6	; 182
   09C0 00                 2559 	.db #0x00	; 0
   09C1 3C                 2560 	.db #0x3c	; 60
   09C2 00                 2561 	.db #0x00	; 0
   09C3 B9                 2562 	.db #0xb9	; 185
   09C4 00                 2563 	.db #0x00	; 0
   09C5 A2                 2564 	.db #0xa2	; 162
   09C6 FF                 2565 	.db #0xff	; 255
   09C7 00                 2566 	.db #0x00	; 0
   09C8 FF                 2567 	.db #0xff	; 255
   09C9 00                 2568 	.db #0x00	; 0
   09CA 00                 2569 	.db #0x00	; 0
   09CB 11                 2570 	.db #0x11	; 17
   09CC 00                 2571 	.db #0x00	; 0
   09CD A2                 2572 	.db #0xa2	; 162
   09CE 00                 2573 	.db #0x00	; 0
   09CF FC                 2574 	.db #0xfc	; 252
   09D0 00                 2575 	.db #0x00	; 0
   09D1 F9                 2576 	.db #0xf9	; 249
   09D2 00                 2577 	.db #0x00	; 0
   09D3 A2                 2578 	.db #0xa2	; 162
   09D4 FF                 2579 	.db #0xff	; 255
   09D5 00                 2580 	.db #0x00	; 0
   09D6 FF                 2581 	.db #0xff	; 255
   09D7 00                 2582 	.db #0x00	; 0
   09D8 00                 2583 	.db #0x00	; 0
   09D9 11                 2584 	.db #0x11	; 17
   09DA 55                 2585 	.db #0x55	; 85	'U'
   09DB 00                 2586 	.db #0x00	; 0
   09DC 00                 2587 	.db #0x00	; 0
   09DD FC                 2588 	.db #0xfc	; 252
   09DE 00                 2589 	.db #0x00	; 0
   09DF F9                 2590 	.db #0xf9	; 249
   09E0 55                 2591 	.db #0x55	; 85	'U'
   09E1 A2                 2592 	.db #0xa2	; 162
   09E2 FF                 2593 	.db #0xff	; 255
   09E3 00                 2594 	.db #0x00	; 0
   09E4 FF                 2595 	.db #0xff	; 255
   09E5 00                 2596 	.db #0x00	; 0
   09E6 00                 2597 	.db #0x00	; 0
   09E7 51                 2598 	.db #0x51	; 81	'Q'
   09E8 55                 2599 	.db #0x55	; 85	'U'
   09E9 00                 2600 	.db #0x00	; 0
   09EA 00                 2601 	.db #0x00	; 0
   09EB FC                 2602 	.db #0xfc	; 252
   09EC 00                 2603 	.db #0x00	; 0
   09ED 73                 2604 	.db #0x73	; 115	's'
   09EE 00                 2605 	.db #0x00	; 0
   09EF A2                 2606 	.db #0xa2	; 162
   09F0 FF                 2607 	.db #0xff	; 255
   09F1 00                 2608 	.db #0x00	; 0
   09F2 FF                 2609 	.db #0xff	; 255
   09F3 00                 2610 	.db #0x00	; 0
   09F4 00                 2611 	.db #0x00	; 0
   09F5 51                 2612 	.db #0x51	; 81	'Q'
   09F6 00                 2613 	.db #0x00	; 0
   09F7 A2                 2614 	.db #0xa2	; 162
   09F8 00                 2615 	.db #0x00	; 0
   09F9 55                 2616 	.db #0x55	; 85	'U'
   09FA 00                 2617 	.db #0x00	; 0
   09FB 11                 2618 	.db #0x11	; 17
   09FC 00                 2619 	.db #0x00	; 0
   09FD F3                 2620 	.db #0xf3	; 243
   09FE 55                 2621 	.db #0x55	; 85	'U'
   09FF 00                 2622 	.db #0x00	; 0
   0A00 FF                 2623 	.db #0xff	; 255
   0A01 00                 2624 	.db #0x00	; 0
   0A02 AA                 2625 	.db #0xaa	; 170
   0A03 00                 2626 	.db #0x00	; 0
   0A04 55                 2627 	.db #0x55	; 85	'U'
   0A05 00                 2628 	.db #0x00	; 0
   0A06 00                 2629 	.db #0x00	; 0
   0A07 55                 2630 	.db #0x55	; 85	'U'
   0A08 00                 2631 	.db #0x00	; 0
   0A09 AA                 2632 	.db #0xaa	; 170
   0A0A 00                 2633 	.db #0x00	; 0
   0A0B 00                 2634 	.db #0x00	; 0
   0A0C FF                 2635 	.db #0xff	; 255
   0A0D 00                 2636 	.db #0x00	; 0
   0A0E FF                 2637 	.db #0xff	; 255
   0A0F 00                 2638 	.db #0x00	; 0
   0A10 FF                 2639 	.db #0xff	; 255
   0A11 00                 2640 	.db #0x00	; 0
   0A12 FF                 2641 	.db #0xff	; 255
   0A13 00                 2642 	.db #0x00	; 0
   0A14 00                 2643 	.db #0x00	; 0
   0A15 FF                 2644 	.db #0xff	; 255
   0A16 00                 2645 	.db #0x00	; 0
   0A17 55                 2646 	.db #0x55	; 85	'U'
   0A18 00                 2647 	.db #0x00	; 0
   0A19 A0                 2648 	.db #0xa0	; 160
   0A1A FF                 2649 	.db #0xff	; 255
   0A1B 00                 2650 	.db #0x00	; 0
   0A1C FF                 2651 	.db #0xff	; 255
   0A1D 00                 2652 	.db #0x00	; 0
   0A1E FF                 2653 	.db #0xff	; 255
   0A1F 00                 2654 	.db #0x00	; 0
   0A20 AA                 2655 	.db #0xaa	; 170
   0A21 00                 2656 	.db #0x00	; 0
   0A22 00                 2657 	.db #0x00	; 0
   0A23 AA                 2658 	.db #0xaa	; 170
   0A24 00                 2659 	.db #0x00	; 0
   0A25 55                 2660 	.db #0x55	; 85	'U'
   0A26 00                 2661 	.db #0x00	; 0
   0A27 A0                 2662 	.db #0xa0	; 160
   0A28 FF                 2663 	.db #0xff	; 255
   0A29 00                 2664 	.db #0x00	; 0
   0A2A FF                 2665 	.db #0xff	; 255
   0A2B 00                 2666 	.db #0x00	; 0
   0A2C FF                 2667 	.db #0xff	; 255
   0A2D 00                 2668 	.db #0x00	; 0
   0A2E 00                 2669 	.db #0x00	; 0
   0A2F 55                 2670 	.db #0x55	; 85	'U'
   0A30 00                 2671 	.db #0x00	; 0
   0A31 AA                 2672 	.db #0xaa	; 170
   0A32 00                 2673 	.db #0x00	; 0
   0A33 FA                 2674 	.db #0xfa	; 250
   0A34 55                 2675 	.db #0x55	; 85	'U'
   0A35 00                 2676 	.db #0x00	; 0
   0A36 FF                 2677 	.db #0xff	; 255
   0A37 00                 2678 	.db #0x00	; 0
   0A38 FF                 2679 	.db #0xff	; 255
   0A39 00                 2680 	.db #0x00	; 0
   0A3A FF                 2681 	.db #0xff	; 255
   0A3B 00                 2682 	.db #0x00	; 0
   0A3C 00                 2683 	.db #0x00	; 0
   0A3D FF                 2684 	.db #0xff	; 255
   0A3E 55                 2685 	.db #0x55	; 85	'U'
   0A3F 00                 2686 	.db #0x00	; 0
   0A40 00                 2687 	.db #0x00	; 0
   0A41 AA                 2688 	.db #0xaa	; 170
   0A42 FF                 2689 	.db #0xff	; 255
   0A43 00                 2690 	.db #0x00	; 0
   0A44 FF                 2691 	.db #0xff	; 255
   0A45 00                 2692 	.db #0x00	; 0
   0A46 FF                 2693 	.db #0xff	; 255
   0A47 00                 2694 	.db #0x00	; 0
   0A48 AA                 2695 	.db #0xaa	; 170
   0A49 55                 2696 	.db #0x55	; 85	'U'
   0A4A 00                 2697 	.db #0x00	; 0
   0A4B AA                 2698 	.db #0xaa	; 170
   0A4C FF                 2699 	.db #0xff	; 255
   0A4D 00                 2700 	.db #0x00	; 0
   0A4E 00                 2701 	.db #0x00	; 0
   0A4F A0                 2702 	.db #0xa0	; 160
   0A50 FF                 2703 	.db #0xff	; 255
   0A51 00                 2704 	.db #0x00	; 0
   0A52 FF                 2705 	.db #0xff	; 255
   0A53 00                 2706 	.db #0x00	; 0
   0A54 FF                 2707 	.db #0xff	; 255
   0A55 00                 2708 	.db #0x00	; 0
   0A56 00                 2709 	.db #0x00	; 0
   0A57 4A                 2710 	.db #0x4a	; 74	'J'
   0A58 55                 2711 	.db #0x55	; 85	'U'
   0A59 80                 2712 	.db #0x80	; 128
   0A5A FF                 2713 	.db #0xff	; 255
   0A5B 00                 2714 	.db #0x00	; 0
   0A5C 00                 2715 	.db #0x00	; 0
   0A5D A0                 2716 	.db #0xa0	; 160
   0A5E FF                 2717 	.db #0xff	; 255
   0A5F 00                 2718 	.db #0x00	; 0
   0A60 FF                 2719 	.db #0xff	; 255
   0A61 00                 2720 	.db #0x00	; 0
   0A62 FF                 2721 	.db #0xff	; 255
   0A63 00                 2722 	.db #0x00	; 0
   0A64 FF                 2723 	.db #0xff	; 255
   0A65 00                 2724 	.db #0x00	; 0
   0A66 FF                 2725 	.db #0xff	; 255
   0A67 00                 2726 	.db #0x00	; 0
   0A68 AA                 2727 	.db #0xaa	; 170
   0A69 05                 2728 	.db #0x05	; 5
   0A6A 00                 2729 	.db #0x00	; 0
   0A6B C0                 2730 	.db #0xc0	; 192
   0A6C FF                 2731 	.db #0xff	; 255
   0A6D 00                 2732 	.db #0x00	; 0
   0A6E FF                 2733 	.db #0xff	; 255
   0A6F 00                 2734 	.db #0x00	; 0
   0A70 FF                 2735 	.db #0xff	; 255
   0A71 00                 2736 	.db #0x00	; 0
   0A72 FF                 2737 	.db #0xff	; 255
   0A73 00                 2738 	.db #0x00	; 0
   0A74 FF                 2739 	.db #0xff	; 255
   0A75 00                 2740 	.db #0x00	; 0
   0A76 FF                 2741 	.db #0xff	; 255
   0A77 00                 2742 	.db #0x00	; 0
   0A78 FF                 2743 	.db #0xff	; 255
   0A79 00                 2744 	.db #0x00	; 0
   0A7A FF                 2745 	.db #0xff	; 255
   0A7B 00                 2746 	.db #0x00	; 0
   0A7C FF                 2747 	.db #0xff	; 255
   0A7D 00                 2748 	.db #0x00	; 0
   0A7E FF                 2749 	.db #0xff	; 255
   0A7F 00                 2750 	.db #0x00	; 0
   0A80                    2751 _g_alberto:
   0A80 FF                 2752 	.db #0xff	; 255
   0A81 00                 2753 	.db #0x00	; 0
   0A82 FF                 2754 	.db #0xff	; 255
   0A83 00                 2755 	.db #0x00	; 0
   0A84 FF                 2756 	.db #0xff	; 255
   0A85 00                 2757 	.db #0x00	; 0
   0A86 FF                 2758 	.db #0xff	; 255
   0A87 00                 2759 	.db #0x00	; 0
   0A88 FF                 2760 	.db #0xff	; 255
   0A89 00                 2761 	.db #0x00	; 0
   0A8A FF                 2762 	.db #0xff	; 255
   0A8B 00                 2763 	.db #0x00	; 0
   0A8C FF                 2764 	.db #0xff	; 255
   0A8D 00                 2765 	.db #0x00	; 0
   0A8E FF                 2766 	.db #0xff	; 255
   0A8F 00                 2767 	.db #0x00	; 0
   0A90 FF                 2768 	.db #0xff	; 255
   0A91 00                 2769 	.db #0x00	; 0
   0A92 00                 2770 	.db #0x00	; 0
   0A93 00                 2771 	.db #0x00	; 0
   0A94 00                 2772 	.db #0x00	; 0
   0A95 00                 2773 	.db #0x00	; 0
   0A96 FF                 2774 	.db #0xff	; 255
   0A97 00                 2775 	.db #0x00	; 0
   0A98 FF                 2776 	.db #0xff	; 255
   0A99 00                 2777 	.db #0x00	; 0
   0A9A FF                 2778 	.db #0xff	; 255
   0A9B 00                 2779 	.db #0x00	; 0
   0A9C FF                 2780 	.db #0xff	; 255
   0A9D 00                 2781 	.db #0x00	; 0
   0A9E AA                 2782 	.db #0xaa	; 170
   0A9F 00                 2783 	.db #0x00	; 0
   0AA0 00                 2784 	.db #0x00	; 0
   0AA1 00                 2785 	.db #0x00	; 0
   0AA2 00                 2786 	.db #0x00	; 0
   0AA3 00                 2787 	.db #0x00	; 0
   0AA4 55                 2788 	.db #0x55	; 85	'U'
   0AA5 00                 2789 	.db #0x00	; 0
   0AA6 FF                 2790 	.db #0xff	; 255
   0AA7 00                 2791 	.db #0x00	; 0
   0AA8 FF                 2792 	.db #0xff	; 255
   0AA9 00                 2793 	.db #0x00	; 0
   0AAA FF                 2794 	.db #0xff	; 255
   0AAB 00                 2795 	.db #0x00	; 0
   0AAC 00                 2796 	.db #0x00	; 0
   0AAD 00                 2797 	.db #0x00	; 0
   0AAE 00                 2798 	.db #0x00	; 0
   0AAF 00                 2799 	.db #0x00	; 0
   0AB0 00                 2800 	.db #0x00	; 0
   0AB1 00                 2801 	.db #0x00	; 0
   0AB2 00                 2802 	.db #0x00	; 0
   0AB3 00                 2803 	.db #0x00	; 0
   0AB4 FF                 2804 	.db #0xff	; 255
   0AB5 00                 2805 	.db #0x00	; 0
   0AB6 FF                 2806 	.db #0xff	; 255
   0AB7 00                 2807 	.db #0x00	; 0
   0AB8 AA                 2808 	.db #0xaa	; 170
   0AB9 00                 2809 	.db #0x00	; 0
   0ABA 00                 2810 	.db #0x00	; 0
   0ABB 00                 2811 	.db #0x00	; 0
   0ABC 00                 2812 	.db #0x00	; 0
   0ABD 40                 2813 	.db #0x40	; 64
   0ABE 00                 2814 	.db #0x00	; 0
   0ABF 00                 2815 	.db #0x00	; 0
   0AC0 00                 2816 	.db #0x00	; 0
   0AC1 00                 2817 	.db #0x00	; 0
   0AC2 55                 2818 	.db #0x55	; 85	'U'
   0AC3 00                 2819 	.db #0x00	; 0
   0AC4 FF                 2820 	.db #0xff	; 255
   0AC5 00                 2821 	.db #0x00	; 0
   0AC6 AA                 2822 	.db #0xaa	; 170
   0AC7 00                 2823 	.db #0x00	; 0
   0AC8 00                 2824 	.db #0x00	; 0
   0AC9 00                 2825 	.db #0x00	; 0
   0ACA 00                 2826 	.db #0x00	; 0
   0ACB C0                 2827 	.db #0xc0	; 192
   0ACC 00                 2828 	.db #0x00	; 0
   0ACD C0                 2829 	.db #0xc0	; 192
   0ACE 00                 2830 	.db #0x00	; 0
   0ACF 80                 2831 	.db #0x80	; 128
   0AD0 55                 2832 	.db #0x55	; 85	'U'
   0AD1 00                 2833 	.db #0x00	; 0
   0AD2 FF                 2834 	.db #0xff	; 255
   0AD3 00                 2835 	.db #0x00	; 0
   0AD4 00                 2836 	.db #0x00	; 0
   0AD5 00                 2837 	.db #0x00	; 0
   0AD6 00                 2838 	.db #0x00	; 0
   0AD7 40                 2839 	.db #0x40	; 64
   0AD8 00                 2840 	.db #0x00	; 0
   0AD9 C0                 2841 	.db #0xc0	; 192
   0ADA 00                 2842 	.db #0x00	; 0
   0ADB C0                 2843 	.db #0xc0	; 192
   0ADC 00                 2844 	.db #0x00	; 0
   0ADD 80                 2845 	.db #0x80	; 128
   0ADE FF                 2846 	.db #0xff	; 255
   0ADF 00                 2847 	.db #0x00	; 0
   0AE0 FF                 2848 	.db #0xff	; 255
   0AE1 00                 2849 	.db #0x00	; 0
   0AE2 00                 2850 	.db #0x00	; 0
   0AE3 00                 2851 	.db #0x00	; 0
   0AE4 00                 2852 	.db #0x00	; 0
   0AE5 40                 2853 	.db #0x40	; 64
   0AE6 00                 2854 	.db #0x00	; 0
   0AE7 80                 2855 	.db #0x80	; 128
   0AE8 00                 2856 	.db #0x00	; 0
   0AE9 00                 2857 	.db #0x00	; 0
   0AEA 00                 2858 	.db #0x00	; 0
   0AEB 00                 2859 	.db #0x00	; 0
   0AEC FF                 2860 	.db #0xff	; 255
   0AED 00                 2861 	.db #0x00	; 0
   0AEE FF                 2862 	.db #0xff	; 255
   0AEF 00                 2863 	.db #0x00	; 0
   0AF0 00                 2864 	.db #0x00	; 0
   0AF1 40                 2865 	.db #0x40	; 64
   0AF2 00                 2866 	.db #0x00	; 0
   0AF3 00                 2867 	.db #0x00	; 0
   0AF4 00                 2868 	.db #0x00	; 0
   0AF5 00                 2869 	.db #0x00	; 0
   0AF6 00                 2870 	.db #0x00	; 0
   0AF7 00                 2871 	.db #0x00	; 0
   0AF8 00                 2872 	.db #0x00	; 0
   0AF9 00                 2873 	.db #0x00	; 0
   0AFA 55                 2874 	.db #0x55	; 85	'U'
   0AFB 00                 2875 	.db #0x00	; 0
   0AFC FF                 2876 	.db #0xff	; 255
   0AFD 00                 2877 	.db #0x00	; 0
   0AFE 00                 2878 	.db #0x00	; 0
   0AFF 40                 2879 	.db #0x40	; 64
   0B00 00                 2880 	.db #0x00	; 0
   0B01 C0                 2881 	.db #0xc0	; 192
   0B02 00                 2882 	.db #0x00	; 0
   0B03 C0                 2883 	.db #0xc0	; 192
   0B04 00                 2884 	.db #0x00	; 0
   0B05 00                 2885 	.db #0x00	; 0
   0B06 00                 2886 	.db #0x00	; 0
   0B07 40                 2887 	.db #0x40	; 64
   0B08 00                 2888 	.db #0x00	; 0
   0B09 80                 2889 	.db #0x80	; 128
   0B0A FF                 2890 	.db #0xff	; 255
   0B0B 00                 2891 	.db #0x00	; 0
   0B0C 00                 2892 	.db #0x00	; 0
   0B0D 40                 2893 	.db #0x40	; 64
   0B0E 00                 2894 	.db #0x00	; 0
   0B0F 40                 2895 	.db #0x40	; 64
   0B10 00                 2896 	.db #0x00	; 0
   0B11 00                 2897 	.db #0x00	; 0
   0B12 00                 2898 	.db #0x00	; 0
   0B13 40                 2899 	.db #0x40	; 64
   0B14 00                 2900 	.db #0x00	; 0
   0B15 C0                 2901 	.db #0xc0	; 192
   0B16 00                 2902 	.db #0x00	; 0
   0B17 C0                 2903 	.db #0xc0	; 192
   0B18 55                 2904 	.db #0x55	; 85	'U'
   0B19 00                 2905 	.db #0x00	; 0
   0B1A 00                 2906 	.db #0x00	; 0
   0B1B 00                 2907 	.db #0x00	; 0
   0B1C 00                 2908 	.db #0x00	; 0
   0B1D C0                 2909 	.db #0xc0	; 192
   0B1E 00                 2910 	.db #0x00	; 0
   0B1F 40                 2911 	.db #0x40	; 64
   0B20 00                 2912 	.db #0x00	; 0
   0B21 00                 2913 	.db #0x00	; 0
   0B22 00                 2914 	.db #0x00	; 0
   0B23 40                 2915 	.db #0x40	; 64
   0B24 00                 2916 	.db #0x00	; 0
   0B25 80                 2917 	.db #0x80	; 128
   0B26 FF                 2918 	.db #0xff	; 255
   0B27 00                 2919 	.db #0x00	; 0
   0B28 AA                 2920 	.db #0xaa	; 170
   0B29 00                 2921 	.db #0x00	; 0
   0B2A 00                 2922 	.db #0x00	; 0
   0B2B 40                 2923 	.db #0x40	; 64
   0B2C 00                 2924 	.db #0x00	; 0
   0B2D 40                 2925 	.db #0x40	; 64
   0B2E 00                 2926 	.db #0x00	; 0
   0B2F 40                 2927 	.db #0x40	; 64
   0B30 00                 2928 	.db #0x00	; 0
   0B31 00                 2929 	.db #0x00	; 0
   0B32 55                 2930 	.db #0x55	; 85	'U'
   0B33 00                 2931 	.db #0x00	; 0
   0B34 FF                 2932 	.db #0xff	; 255
   0B35 00                 2933 	.db #0x00	; 0
   0B36 FF                 2934 	.db #0xff	; 255
   0B37 00                 2935 	.db #0x00	; 0
   0B38 00                 2936 	.db #0x00	; 0
   0B39 40                 2937 	.db #0x40	; 64
   0B3A 00                 2938 	.db #0x00	; 0
   0B3B 80                 2939 	.db #0x80	; 128
   0B3C 00                 2940 	.db #0x00	; 0
   0B3D 40                 2941 	.db #0x40	; 64
   0B3E 00                 2942 	.db #0x00	; 0
   0B3F 40                 2943 	.db #0x40	; 64
   0B40 55                 2944 	.db #0x55	; 85	'U'
   0B41 00                 2945 	.db #0x00	; 0
   0B42 FF                 2946 	.db #0xff	; 255
   0B43 00                 2947 	.db #0x00	; 0
   0B44 FF                 2948 	.db #0xff	; 255
   0B45 00                 2949 	.db #0x00	; 0
   0B46 00                 2950 	.db #0x00	; 0
   0B47 40                 2951 	.db #0x40	; 64
   0B48 00                 2952 	.db #0x00	; 0
   0B49 C0                 2953 	.db #0xc0	; 192
   0B4A 00                 2954 	.db #0x00	; 0
   0B4B 40                 2955 	.db #0x40	; 64
   0B4C 00                 2956 	.db #0x00	; 0
   0B4D 40                 2957 	.db #0x40	; 64
   0B4E 55                 2958 	.db #0x55	; 85	'U'
   0B4F 00                 2959 	.db #0x00	; 0
   0B50 FF                 2960 	.db #0xff	; 255
   0B51 00                 2961 	.db #0x00	; 0
   0B52 AA                 2962 	.db #0xaa	; 170
   0B53 00                 2963 	.db #0x00	; 0
   0B54 00                 2964 	.db #0x00	; 0
   0B55 08                 2965 	.db #0x08	; 8
   0B56 00                 2966 	.db #0x00	; 0
   0B57 C0                 2967 	.db #0xc0	; 192
   0B58 00                 2968 	.db #0x00	; 0
   0B59 00                 2969 	.db #0x00	; 0
   0B5A 00                 2970 	.db #0x00	; 0
   0B5B 40                 2971 	.db #0x40	; 64
   0B5C 55                 2972 	.db #0x55	; 85	'U'
   0B5D 00                 2973 	.db #0x00	; 0
   0B5E FF                 2974 	.db #0xff	; 255
   0B5F 00                 2975 	.db #0x00	; 0
   0B60 00                 2976 	.db #0x00	; 0
   0B61 55                 2977 	.db #0x55	; 85	'U'
   0B62 00                 2978 	.db #0x00	; 0
   0B63 08                 2979 	.db #0x08	; 8
   0B64 00                 2980 	.db #0x00	; 0
   0B65 00                 2981 	.db #0x00	; 0
   0B66 00                 2982 	.db #0x00	; 0
   0B67 C0                 2983 	.db #0xc0	; 192
   0B68 00                 2984 	.db #0x00	; 0
   0B69 00                 2985 	.db #0x00	; 0
   0B6A FF                 2986 	.db #0xff	; 255
   0B6B 00                 2987 	.db #0x00	; 0
   0B6C FF                 2988 	.db #0xff	; 255
   0B6D 00                 2989 	.db #0x00	; 0
   0B6E 00                 2990 	.db #0x00	; 0
   0B6F 04                 2991 	.db #0x04	; 4
   0B70 00                 2992 	.db #0x00	; 0
   0B71 04                 2993 	.db #0x04	; 4
   0B72 00                 2994 	.db #0x00	; 0
   0B73 40                 2995 	.db #0x40	; 64
   0B74 00                 2996 	.db #0x00	; 0
   0B75 00                 2997 	.db #0x00	; 0
   0B76 FF                 2998 	.db #0xff	; 255
   0B77 00                 2999 	.db #0x00	; 0
   0B78 FF                 3000 	.db #0xff	; 255
   0B79 00                 3001 	.db #0x00	; 0
   0B7A FF                 3002 	.db #0xff	; 255
   0B7B 00                 3003 	.db #0x00	; 0
   0B7C 00                 3004 	.db #0x00	; 0
   0B7D 04                 3005 	.db #0x04	; 4
   0B7E 00                 3006 	.db #0x00	; 0
   0B7F 08                 3007 	.db #0x08	; 8
   0B80 00                 3008 	.db #0x00	; 0
   0B81 08                 3009 	.db #0x08	; 8
   0B82 00                 3010 	.db #0x00	; 0
   0B83 00                 3011 	.db #0x00	; 0
   0B84 FF                 3012 	.db #0xff	; 255
   0B85 00                 3013 	.db #0x00	; 0
   0B86 FF                 3014 	.db #0xff	; 255
   0B87 00                 3015 	.db #0x00	; 0
   0B88 FF                 3016 	.db #0xff	; 255
   0B89 00                 3017 	.db #0x00	; 0
   0B8A 00                 3018 	.db #0x00	; 0
   0B8B 04                 3019 	.db #0x04	; 4
   0B8C 00                 3020 	.db #0x00	; 0
   0B8D 04                 3021 	.db #0x04	; 4
   0B8E 00                 3022 	.db #0x00	; 0
   0B8F 00                 3023 	.db #0x00	; 0
   0B90 00                 3024 	.db #0x00	; 0
   0B91 80                 3025 	.db #0x80	; 128
   0B92 FF                 3026 	.db #0xff	; 255
   0B93 00                 3027 	.db #0x00	; 0
   0B94 FF                 3028 	.db #0xff	; 255
   0B95 00                 3029 	.db #0x00	; 0
   0B96 FF                 3030 	.db #0xff	; 255
   0B97 00                 3031 	.db #0x00	; 0
   0B98 00                 3032 	.db #0x00	; 0
   0B99 04                 3033 	.db #0x04	; 4
   0B9A 00                 3034 	.db #0x00	; 0
   0B9B 04                 3035 	.db #0x04	; 4
   0B9C 00                 3036 	.db #0x00	; 0
   0B9D 08                 3037 	.db #0x08	; 8
   0B9E 00                 3038 	.db #0x00	; 0
   0B9F 40                 3039 	.db #0x40	; 64
   0BA0 55                 3040 	.db #0x55	; 85	'U'
   0BA1 00                 3041 	.db #0x00	; 0
   0BA2 FF                 3042 	.db #0xff	; 255
   0BA3 00                 3043 	.db #0x00	; 0
   0BA4 FF                 3044 	.db #0xff	; 255
   0BA5 00                 3045 	.db #0x00	; 0
   0BA6 00                 3046 	.db #0x00	; 0
   0BA7 04                 3047 	.db #0x04	; 4
   0BA8 00                 3048 	.db #0x00	; 0
   0BA9 04                 3049 	.db #0x04	; 4
   0BAA 00                 3050 	.db #0x00	; 0
   0BAB 0C                 3051 	.db #0x0c	; 12
   0BAC 00                 3052 	.db #0x00	; 0
   0BAD 40                 3053 	.db #0x40	; 64
   0BAE 00                 3054 	.db #0x00	; 0
   0BAF 00                 3055 	.db #0x00	; 0
   0BB0 FF                 3056 	.db #0xff	; 255
   0BB1 00                 3057 	.db #0x00	; 0
   0BB2 FF                 3058 	.db #0xff	; 255
   0BB3 00                 3059 	.db #0x00	; 0
   0BB4 00                 3060 	.db #0x00	; 0
   0BB5 04                 3061 	.db #0x04	; 4
   0BB6 00                 3062 	.db #0x00	; 0
   0BB7 04                 3063 	.db #0x04	; 4
   0BB8 00                 3064 	.db #0x00	; 0
   0BB9 00                 3065 	.db #0x00	; 0
   0BBA 00                 3066 	.db #0x00	; 0
   0BBB 40                 3067 	.db #0x40	; 64
   0BBC 00                 3068 	.db #0x00	; 0
   0BBD 00                 3069 	.db #0x00	; 0
   0BBE FF                 3070 	.db #0xff	; 255
   0BBF 00                 3071 	.db #0x00	; 0
   0BC0 FF                 3072 	.db #0xff	; 255
   0BC1 00                 3073 	.db #0x00	; 0
   0BC2 00                 3074 	.db #0x00	; 0
   0BC3 04                 3075 	.db #0x04	; 4
   0BC4 00                 3076 	.db #0x00	; 0
   0BC5 04                 3077 	.db #0x04	; 4
   0BC6 00                 3078 	.db #0x00	; 0
   0BC7 0C                 3079 	.db #0x0c	; 12
   0BC8 00                 3080 	.db #0x00	; 0
   0BC9 08                 3081 	.db #0x08	; 8
   0BCA 00                 3082 	.db #0x00	; 0
   0BCB 80                 3083 	.db #0x80	; 128
   0BCC 55                 3084 	.db #0x55	; 85	'U'
   0BCD 00                 3085 	.db #0x00	; 0
   0BCE FF                 3086 	.db #0xff	; 255
   0BCF 00                 3087 	.db #0x00	; 0
   0BD0 00                 3088 	.db #0x00	; 0
   0BD1 00                 3089 	.db #0x00	; 0
   0BD2 00                 3090 	.db #0x00	; 0
   0BD3 04                 3091 	.db #0x04	; 4
   0BD4 00                 3092 	.db #0x00	; 0
   0BD5 0C                 3093 	.db #0x0c	; 12
   0BD6 00                 3094 	.db #0x00	; 0
   0BD7 08                 3095 	.db #0x08	; 8
   0BD8 55                 3096 	.db #0x55	; 85	'U'
   0BD9 00                 3097 	.db #0x00	; 0
   0BDA 55                 3098 	.db #0x55	; 85	'U'
   0BDB 00                 3099 	.db #0x00	; 0
   0BDC FF                 3100 	.db #0xff	; 255
   0BDD 00                 3101 	.db #0x00	; 0
   0BDE 00                 3102 	.db #0x00	; 0
   0BDF 40                 3103 	.db #0x40	; 64
   0BE0 00                 3104 	.db #0x00	; 0
   0BE1 80                 3105 	.db #0x80	; 128
   0BE2 00                 3106 	.db #0x00	; 0
   0BE3 00                 3107 	.db #0x00	; 0
   0BE4 00                 3108 	.db #0x00	; 0
   0BE5 00                 3109 	.db #0x00	; 0
   0BE6 FF                 3110 	.db #0xff	; 255
   0BE7 00                 3111 	.db #0x00	; 0
   0BE8 FF                 3112 	.db #0xff	; 255
   0BE9 00                 3113 	.db #0x00	; 0
   0BEA FF                 3114 	.db #0xff	; 255
   0BEB 00                 3115 	.db #0x00	; 0
   0BEC 00                 3116 	.db #0x00	; 0
   0BED 40                 3117 	.db #0x40	; 64
   0BEE 00                 3118 	.db #0x00	; 0
   0BEF 04                 3119 	.db #0x04	; 4
   0BF0 00                 3120 	.db #0x00	; 0
   0BF1 00                 3121 	.db #0x00	; 0
   0BF2 55                 3122 	.db #0x55	; 85	'U'
   0BF3 00                 3123 	.db #0x00	; 0
   0BF4 FF                 3124 	.db #0xff	; 255
   0BF5 00                 3125 	.db #0x00	; 0
   0BF6 FF                 3126 	.db #0xff	; 255
   0BF7 00                 3127 	.db #0x00	; 0
   0BF8 FF                 3128 	.db #0xff	; 255
   0BF9 00                 3129 	.db #0x00	; 0
   0BFA AA                 3130 	.db #0xaa	; 170
   0BFB 00                 3131 	.db #0x00	; 0
   0BFC 00                 3132 	.db #0x00	; 0
   0BFD 04                 3133 	.db #0x04	; 4
   0BFE 00                 3134 	.db #0x00	; 0
   0BFF 04                 3135 	.db #0x04	; 4
   0C00 55                 3136 	.db #0x55	; 85	'U'
   0C01 00                 3137 	.db #0x00	; 0
   0C02 FF                 3138 	.db #0xff	; 255
   0C03 00                 3139 	.db #0x00	; 0
   0C04 FF                 3140 	.db #0xff	; 255
   0C05 00                 3141 	.db #0x00	; 0
   0C06 FF                 3142 	.db #0xff	; 255
   0C07 00                 3143 	.db #0x00	; 0
   0C08 AA                 3144 	.db #0xaa	; 170
   0C09 00                 3145 	.db #0x00	; 0
   0C0A 00                 3146 	.db #0x00	; 0
   0C0B 04                 3147 	.db #0x04	; 4
   0C0C 00                 3148 	.db #0x00	; 0
   0C0D 04                 3149 	.db #0x04	; 4
   0C0E 55                 3150 	.db #0x55	; 85	'U'
   0C0F 00                 3151 	.db #0x00	; 0
   0C10 FF                 3152 	.db #0xff	; 255
   0C11 00                 3153 	.db #0x00	; 0
   0C12 FF                 3154 	.db #0xff	; 255
   0C13 00                 3155 	.db #0x00	; 0
   0C14 FF                 3156 	.db #0xff	; 255
   0C15 00                 3157 	.db #0x00	; 0
   0C16 AA                 3158 	.db #0xaa	; 170
   0C17 00                 3159 	.db #0x00	; 0
   0C18 00                 3160 	.db #0x00	; 0
   0C19 04                 3161 	.db #0x04	; 4
   0C1A 00                 3162 	.db #0x00	; 0
   0C1B 04                 3163 	.db #0x04	; 4
   0C1C 55                 3164 	.db #0x55	; 85	'U'
   0C1D 00                 3165 	.db #0x00	; 0
   0C1E FF                 3166 	.db #0xff	; 255
   0C1F 00                 3167 	.db #0x00	; 0
   0C20 FF                 3168 	.db #0xff	; 255
   0C21 00                 3169 	.db #0x00	; 0
   0C22 FF                 3170 	.db #0xff	; 255
   0C23 00                 3171 	.db #0x00	; 0
   0C24 AA                 3172 	.db #0xaa	; 170
   0C25 00                 3173 	.db #0x00	; 0
   0C26 00                 3174 	.db #0x00	; 0
   0C27 04                 3175 	.db #0x04	; 4
   0C28 00                 3176 	.db #0x00	; 0
   0C29 04                 3177 	.db #0x04	; 4
   0C2A 55                 3178 	.db #0x55	; 85	'U'
   0C2B 00                 3179 	.db #0x00	; 0
   0C2C FF                 3180 	.db #0xff	; 255
   0C2D 00                 3181 	.db #0x00	; 0
   0C2E FF                 3182 	.db #0xff	; 255
   0C2F 00                 3183 	.db #0x00	; 0
   0C30 FF                 3184 	.db #0xff	; 255
   0C31 00                 3185 	.db #0x00	; 0
   0C32 AA                 3186 	.db #0xaa	; 170
   0C33 00                 3187 	.db #0x00	; 0
   0C34 00                 3188 	.db #0x00	; 0
   0C35 C0                 3189 	.db #0xc0	; 192
   0C36 00                 3190 	.db #0x00	; 0
   0C37 D0                 3191 	.db #0xd0	; 208
   0C38 00                 3192 	.db #0x00	; 0
   0C39 D0                 3193 	.db #0xd0	; 208
   0C3A FF                 3194 	.db #0xff	; 255
   0C3B 00                 3195 	.db #0x00	; 0
   0C3C FF                 3196 	.db #0xff	; 255
   0C3D 00                 3197 	.db #0x00	; 0
   0C3E FF                 3198 	.db #0xff	; 255
   0C3F 00                 3199 	.db #0x00	; 0
   0C40                    3200 _g_alberto_rev:
   0C40 FF                 3201 	.db #0xff	; 255
   0C41 00                 3202 	.db #0x00	; 0
   0C42 FF                 3203 	.db #0xff	; 255
   0C43 00                 3204 	.db #0x00	; 0
   0C44 FF                 3205 	.db #0xff	; 255
   0C45 00                 3206 	.db #0x00	; 0
   0C46 FF                 3207 	.db #0xff	; 255
   0C47 00                 3208 	.db #0x00	; 0
   0C48 FF                 3209 	.db #0xff	; 255
   0C49 00                 3210 	.db #0x00	; 0
   0C4A FF                 3211 	.db #0xff	; 255
   0C4B 00                 3212 	.db #0x00	; 0
   0C4C FF                 3213 	.db #0xff	; 255
   0C4D 00                 3214 	.db #0x00	; 0
   0C4E FF                 3215 	.db #0xff	; 255
   0C4F 00                 3216 	.db #0x00	; 0
   0C50 FF                 3217 	.db #0xff	; 255
   0C51 00                 3218 	.db #0x00	; 0
   0C52 AA                 3219 	.db #0xaa	; 170
   0C53 00                 3220 	.db #0x00	; 0
   0C54 00                 3221 	.db #0x00	; 0
   0C55 00                 3222 	.db #0x00	; 0
   0C56 55                 3223 	.db #0x55	; 85	'U'
   0C57 00                 3224 	.db #0x00	; 0
   0C58 FF                 3225 	.db #0xff	; 255
   0C59 00                 3226 	.db #0x00	; 0
   0C5A FF                 3227 	.db #0xff	; 255
   0C5B 00                 3228 	.db #0x00	; 0
   0C5C FF                 3229 	.db #0xff	; 255
   0C5D 00                 3230 	.db #0x00	; 0
   0C5E FF                 3231 	.db #0xff	; 255
   0C5F 00                 3232 	.db #0x00	; 0
   0C60 00                 3233 	.db #0x00	; 0
   0C61 00                 3234 	.db #0x00	; 0
   0C62 00                 3235 	.db #0x00	; 0
   0C63 00                 3236 	.db #0x00	; 0
   0C64 00                 3237 	.db #0x00	; 0
   0C65 00                 3238 	.db #0x00	; 0
   0C66 FF                 3239 	.db #0xff	; 255
   0C67 00                 3240 	.db #0x00	; 0
   0C68 FF                 3241 	.db #0xff	; 255
   0C69 00                 3242 	.db #0x00	; 0
   0C6A FF                 3243 	.db #0xff	; 255
   0C6B 00                 3244 	.db #0x00	; 0
   0C6C AA                 3245 	.db #0xaa	; 170
   0C6D 00                 3246 	.db #0x00	; 0
   0C6E 00                 3247 	.db #0x00	; 0
   0C6F 00                 3248 	.db #0x00	; 0
   0C70 00                 3249 	.db #0x00	; 0
   0C71 00                 3250 	.db #0x00	; 0
   0C72 00                 3251 	.db #0x00	; 0
   0C73 00                 3252 	.db #0x00	; 0
   0C74 55                 3253 	.db #0x55	; 85	'U'
   0C75 00                 3254 	.db #0x00	; 0
   0C76 FF                 3255 	.db #0xff	; 255
   0C77 00                 3256 	.db #0x00	; 0
   0C78 FF                 3257 	.db #0xff	; 255
   0C79 00                 3258 	.db #0x00	; 0
   0C7A 00                 3259 	.db #0x00	; 0
   0C7B 00                 3260 	.db #0x00	; 0
   0C7C 00                 3261 	.db #0x00	; 0
   0C7D 00                 3262 	.db #0x00	; 0
   0C7E 00                 3263 	.db #0x00	; 0
   0C7F 40                 3264 	.db #0x40	; 64
   0C80 00                 3265 	.db #0x00	; 0
   0C81 00                 3266 	.db #0x00	; 0
   0C82 00                 3267 	.db #0x00	; 0
   0C83 00                 3268 	.db #0x00	; 0
   0C84 FF                 3269 	.db #0xff	; 255
   0C85 00                 3270 	.db #0x00	; 0
   0C86 FF                 3271 	.db #0xff	; 255
   0C87 00                 3272 	.db #0x00	; 0
   0C88 00                 3273 	.db #0x00	; 0
   0C89 00                 3274 	.db #0x00	; 0
   0C8A 00                 3275 	.db #0x00	; 0
   0C8B C0                 3276 	.db #0xc0	; 192
   0C8C 00                 3277 	.db #0x00	; 0
   0C8D C0                 3278 	.db #0xc0	; 192
   0C8E 00                 3279 	.db #0x00	; 0
   0C8F 80                 3280 	.db #0x80	; 128
   0C90 00                 3281 	.db #0x00	; 0
   0C91 00                 3282 	.db #0x00	; 0
   0C92 FF                 3283 	.db #0xff	; 255
   0C93 00                 3284 	.db #0x00	; 0
   0C94 FF                 3285 	.db #0xff	; 255
   0C95 00                 3286 	.db #0x00	; 0
   0C96 AA                 3287 	.db #0xaa	; 170
   0C97 00                 3288 	.db #0x00	; 0
   0C98 00                 3289 	.db #0x00	; 0
   0C99 C0                 3290 	.db #0xc0	; 192
   0C9A 00                 3291 	.db #0x00	; 0
   0C9B C0                 3292 	.db #0xc0	; 192
   0C9C 00                 3293 	.db #0x00	; 0
   0C9D C0                 3294 	.db #0xc0	; 192
   0C9E 00                 3295 	.db #0x00	; 0
   0C9F 00                 3296 	.db #0x00	; 0
   0CA0 55                 3297 	.db #0x55	; 85	'U'
   0CA1 00                 3298 	.db #0x00	; 0
   0CA2 FF                 3299 	.db #0xff	; 255
   0CA3 00                 3300 	.db #0x00	; 0
   0CA4 AA                 3301 	.db #0xaa	; 170
   0CA5 00                 3302 	.db #0x00	; 0
   0CA6 00                 3303 	.db #0x00	; 0
   0CA7 00                 3304 	.db #0x00	; 0
   0CA8 00                 3305 	.db #0x00	; 0
   0CA9 00                 3306 	.db #0x00	; 0
   0CAA 00                 3307 	.db #0x00	; 0
   0CAB C0                 3308 	.db #0xc0	; 192
   0CAC 00                 3309 	.db #0x00	; 0
   0CAD 00                 3310 	.db #0x00	; 0
   0CAE 55                 3311 	.db #0x55	; 85	'U'
   0CAF 00                 3312 	.db #0x00	; 0
   0CB0 FF                 3313 	.db #0xff	; 255
   0CB1 00                 3314 	.db #0x00	; 0
   0CB2 00                 3315 	.db #0x00	; 0
   0CB3 00                 3316 	.db #0x00	; 0
   0CB4 00                 3317 	.db #0x00	; 0
   0CB5 00                 3318 	.db #0x00	; 0
   0CB6 00                 3319 	.db #0x00	; 0
   0CB7 00                 3320 	.db #0x00	; 0
   0CB8 00                 3321 	.db #0x00	; 0
   0CB9 00                 3322 	.db #0x00	; 0
   0CBA 00                 3323 	.db #0x00	; 0
   0CBB 40                 3324 	.db #0x40	; 64
   0CBC 55                 3325 	.db #0x55	; 85	'U'
   0CBD 00                 3326 	.db #0x00	; 0
   0CBE AA                 3327 	.db #0xaa	; 170
   0CBF 00                 3328 	.db #0x00	; 0
   0CC0 00                 3329 	.db #0x00	; 0
   0CC1 C0                 3330 	.db #0xc0	; 192
   0CC2 00                 3331 	.db #0x00	; 0
   0CC3 00                 3332 	.db #0x00	; 0
   0CC4 00                 3333 	.db #0x00	; 0
   0CC5 40                 3334 	.db #0x40	; 64
   0CC6 00                 3335 	.db #0x00	; 0
   0CC7 C0                 3336 	.db #0xc0	; 192
   0CC8 00                 3337 	.db #0x00	; 0
   0CC9 C0                 3338 	.db #0xc0	; 192
   0CCA 55                 3339 	.db #0x55	; 85	'U'
   0CCB 00                 3340 	.db #0x00	; 0
   0CCC 00                 3341 	.db #0x00	; 0
   0CCD 40                 3342 	.db #0x40	; 64
   0CCE 00                 3343 	.db #0x00	; 0
   0CCF C0                 3344 	.db #0xc0	; 192
   0CD0 00                 3345 	.db #0x00	; 0
   0CD1 C0                 3346 	.db #0xc0	; 192
   0CD2 00                 3347 	.db #0x00	; 0
   0CD3 00                 3348 	.db #0x00	; 0
   0CD4 00                 3349 	.db #0x00	; 0
   0CD5 40                 3350 	.db #0x40	; 64
   0CD6 00                 3351 	.db #0x00	; 0
   0CD7 40                 3352 	.db #0x40	; 64
   0CD8 55                 3353 	.db #0x55	; 85	'U'
   0CD9 00                 3354 	.db #0x00	; 0
   0CDA AA                 3355 	.db #0xaa	; 170
   0CDB 00                 3356 	.db #0x00	; 0
   0CDC 00                 3357 	.db #0x00	; 0
   0CDD C0                 3358 	.db #0xc0	; 192
   0CDE 00                 3359 	.db #0x00	; 0
   0CDF 00                 3360 	.db #0x00	; 0
   0CE0 00                 3361 	.db #0x00	; 0
   0CE1 40                 3362 	.db #0x40	; 64
   0CE2 00                 3363 	.db #0x00	; 0
   0CE3 40                 3364 	.db #0x40	; 64
   0CE4 00                 3365 	.db #0x00	; 0
   0CE5 80                 3366 	.db #0x80	; 128
   0CE6 55                 3367 	.db #0x55	; 85	'U'
   0CE7 00                 3368 	.db #0x00	; 0
   0CE8 FF                 3369 	.db #0xff	; 255
   0CE9 00                 3370 	.db #0x00	; 0
   0CEA 00                 3371 	.db #0x00	; 0
   0CEB 00                 3372 	.db #0x00	; 0
   0CEC 00                 3373 	.db #0x00	; 0
   0CED 40                 3374 	.db #0x40	; 64
   0CEE 00                 3375 	.db #0x00	; 0
   0CEF 40                 3376 	.db #0x40	; 64
   0CF0 00                 3377 	.db #0x00	; 0
   0CF1 40                 3378 	.db #0x40	; 64
   0CF2 00                 3379 	.db #0x00	; 0
   0CF3 00                 3380 	.db #0x00	; 0
   0CF4 FF                 3381 	.db #0xff	; 255
   0CF5 00                 3382 	.db #0x00	; 0
   0CF6 FF                 3383 	.db #0xff	; 255
   0CF7 00                 3384 	.db #0x00	; 0
   0CF8 00                 3385 	.db #0x00	; 0
   0CF9 40                 3386 	.db #0x40	; 64
   0CFA 00                 3387 	.db #0x00	; 0
   0CFB 40                 3388 	.db #0x40	; 64
   0CFC 00                 3389 	.db #0x00	; 0
   0CFD 00                 3390 	.db #0x00	; 0
   0CFE 00                 3391 	.db #0x00	; 0
   0CFF C0                 3392 	.db #0xc0	; 192
   0D00 55                 3393 	.db #0x55	; 85	'U'
   0D01 00                 3394 	.db #0x00	; 0
   0D02 FF                 3395 	.db #0xff	; 255
   0D03 00                 3396 	.db #0x00	; 0
   0D04 FF                 3397 	.db #0xff	; 255
   0D05 00                 3398 	.db #0x00	; 0
   0D06 00                 3399 	.db #0x00	; 0
   0D07 40                 3400 	.db #0x40	; 64
   0D08 00                 3401 	.db #0x00	; 0
   0D09 40                 3402 	.db #0x40	; 64
   0D0A 00                 3403 	.db #0x00	; 0
   0D0B 40                 3404 	.db #0x40	; 64
   0D0C 00                 3405 	.db #0x00	; 0
   0D0D C0                 3406 	.db #0xc0	; 192
   0D0E 55                 3407 	.db #0x55	; 85	'U'
   0D0F 00                 3408 	.db #0x00	; 0
   0D10 FF                 3409 	.db #0xff	; 255
   0D11 00                 3410 	.db #0x00	; 0
   0D12 FF                 3411 	.db #0xff	; 255
   0D13 00                 3412 	.db #0x00	; 0
   0D14 00                 3413 	.db #0x00	; 0
   0D15 40                 3414 	.db #0x40	; 64
   0D16 00                 3415 	.db #0x00	; 0
   0D17 00                 3416 	.db #0x00	; 0
   0D18 00                 3417 	.db #0x00	; 0
   0D19 40                 3418 	.db #0x40	; 64
   0D1A 00                 3419 	.db #0x00	; 0
   0D1B 80                 3420 	.db #0x80	; 128
   0D1C 00                 3421 	.db #0x00	; 0
   0D1D 08                 3422 	.db #0x08	; 8
   0D1E FF                 3423 	.db #0xff	; 255
   0D1F 00                 3424 	.db #0x00	; 0
   0D20 FF                 3425 	.db #0xff	; 255
   0D21 00                 3426 	.db #0x00	; 0
   0D22 AA                 3427 	.db #0xaa	; 170
   0D23 00                 3428 	.db #0x00	; 0
   0D24 00                 3429 	.db #0x00	; 0
   0D25 40                 3430 	.db #0x40	; 64
   0D26 00                 3431 	.db #0x00	; 0
   0D27 80                 3432 	.db #0x80	; 128
   0D28 00                 3433 	.db #0x00	; 0
   0D29 00                 3434 	.db #0x00	; 0
   0D2A 00                 3435 	.db #0x00	; 0
   0D2B 5D                 3436 	.db #0x5d	; 93
   0D2C 55                 3437 	.db #0x55	; 85	'U'
   0D2D 00                 3438 	.db #0x00	; 0
   0D2E FF                 3439 	.db #0xff	; 255
   0D2F 00                 3440 	.db #0x00	; 0
   0D30 FF                 3441 	.db #0xff	; 255
   0D31 00                 3442 	.db #0x00	; 0
   0D32 AA                 3443 	.db #0xaa	; 170
   0D33 00                 3444 	.db #0x00	; 0
   0D34 00                 3445 	.db #0x00	; 0
   0D35 40                 3446 	.db #0x40	; 64
   0D36 00                 3447 	.db #0x00	; 0
   0D37 04                 3448 	.db #0x04	; 4
   0D38 00                 3449 	.db #0x00	; 0
   0D39 04                 3450 	.db #0x04	; 4
   0D3A 55                 3451 	.db #0x55	; 85	'U'
   0D3B 00                 3452 	.db #0x00	; 0
   0D3C FF                 3453 	.db #0xff	; 255
   0D3D 00                 3454 	.db #0x00	; 0
   0D3E FF                 3455 	.db #0xff	; 255
   0D3F 00                 3456 	.db #0x00	; 0
   0D40 AA                 3457 	.db #0xaa	; 170
   0D41 00                 3458 	.db #0x00	; 0
   0D42 00                 3459 	.db #0x00	; 0
   0D43 00                 3460 	.db #0x00	; 0
   0D44 00                 3461 	.db #0x00	; 0
   0D45 08                 3462 	.db #0x08	; 8
   0D46 00                 3463 	.db #0x00	; 0
   0D47 0C                 3464 	.db #0x0c	; 12
   0D48 55                 3465 	.db #0x55	; 85	'U'
   0D49 00                 3466 	.db #0x00	; 0
   0D4A FF                 3467 	.db #0xff	; 255
   0D4B 00                 3468 	.db #0x00	; 0
   0D4C FF                 3469 	.db #0xff	; 255
   0D4D 00                 3470 	.db #0x00	; 0
   0D4E AA                 3471 	.db #0xaa	; 170
   0D4F 00                 3472 	.db #0x00	; 0
   0D50 00                 3473 	.db #0x00	; 0
   0D51 80                 3474 	.db #0x80	; 128
   0D52 00                 3475 	.db #0x00	; 0
   0D53 04                 3476 	.db #0x04	; 4
   0D54 00                 3477 	.db #0x00	; 0
   0D55 04                 3478 	.db #0x04	; 4
   0D56 55                 3479 	.db #0x55	; 85	'U'
   0D57 00                 3480 	.db #0x00	; 0
   0D58 FF                 3481 	.db #0xff	; 255
   0D59 00                 3482 	.db #0x00	; 0
   0D5A FF                 3483 	.db #0xff	; 255
   0D5B 00                 3484 	.db #0x00	; 0
   0D5C 00                 3485 	.db #0x00	; 0
   0D5D 40                 3486 	.db #0x40	; 64
   0D5E 00                 3487 	.db #0x00	; 0
   0D5F 00                 3488 	.db #0x00	; 0
   0D60 00                 3489 	.db #0x00	; 0
   0D61 0C                 3490 	.db #0x0c	; 12
   0D62 00                 3491 	.db #0x00	; 0
   0D63 04                 3492 	.db #0x04	; 4
   0D64 55                 3493 	.db #0x55	; 85	'U'
   0D65 00                 3494 	.db #0x00	; 0
   0D66 FF                 3495 	.db #0xff	; 255
   0D67 00                 3496 	.db #0x00	; 0
   0D68 AA                 3497 	.db #0xaa	; 170
   0D69 00                 3498 	.db #0x00	; 0
   0D6A 00                 3499 	.db #0x00	; 0
   0D6B 40                 3500 	.db #0x40	; 64
   0D6C 00                 3501 	.db #0x00	; 0
   0D6D 04                 3502 	.db #0x04	; 4
   0D6E 00                 3503 	.db #0x00	; 0
   0D6F 0C                 3504 	.db #0x0c	; 12
   0D70 00                 3505 	.db #0x00	; 0
   0D71 04                 3506 	.db #0x04	; 4
   0D72 55                 3507 	.db #0x55	; 85	'U'
   0D73 00                 3508 	.db #0x00	; 0
   0D74 FF                 3509 	.db #0xff	; 255
   0D75 00                 3510 	.db #0x00	; 0
   0D76 AA                 3511 	.db #0xaa	; 170
   0D77 00                 3512 	.db #0x00	; 0
   0D78 00                 3513 	.db #0x00	; 0
   0D79 40                 3514 	.db #0x40	; 64
   0D7A 00                 3515 	.db #0x00	; 0
   0D7B 00                 3516 	.db #0x00	; 0
   0D7C 00                 3517 	.db #0x00	; 0
   0D7D 04                 3518 	.db #0x04	; 4
   0D7E 00                 3519 	.db #0x00	; 0
   0D7F 04                 3520 	.db #0x04	; 4
   0D80 55                 3521 	.db #0x55	; 85	'U'
   0D81 00                 3522 	.db #0x00	; 0
   0D82 FF                 3523 	.db #0xff	; 255
   0D83 00                 3524 	.db #0x00	; 0
   0D84 00                 3525 	.db #0x00	; 0
   0D85 00                 3526 	.db #0x00	; 0
   0D86 00                 3527 	.db #0x00	; 0
   0D87 80                 3528 	.db #0x80	; 128
   0D88 00                 3529 	.db #0x00	; 0
   0D89 0C                 3530 	.db #0x0c	; 12
   0D8A 00                 3531 	.db #0x00	; 0
   0D8B 0C                 3532 	.db #0x0c	; 12
   0D8C 00                 3533 	.db #0x00	; 0
   0D8D 04                 3534 	.db #0x04	; 4
   0D8E 55                 3535 	.db #0x55	; 85	'U'
   0D8F 00                 3536 	.db #0x00	; 0
   0D90 FF                 3537 	.db #0xff	; 255
   0D91 00                 3538 	.db #0x00	; 0
   0D92 55                 3539 	.db #0x55	; 85	'U'
   0D93 00                 3540 	.db #0x00	; 0
   0D94 00                 3541 	.db #0x00	; 0
   0D95 00                 3542 	.db #0x00	; 0
   0D96 00                 3543 	.db #0x00	; 0
   0D97 0C                 3544 	.db #0x0c	; 12
   0D98 00                 3545 	.db #0x00	; 0
   0D99 0C                 3546 	.db #0x0c	; 12
   0D9A 00                 3547 	.db #0x00	; 0
   0D9B 00                 3548 	.db #0x00	; 0
   0D9C 55                 3549 	.db #0x55	; 85	'U'
   0D9D 00                 3550 	.db #0x00	; 0
   0D9E FF                 3551 	.db #0xff	; 255
   0D9F 00                 3552 	.db #0x00	; 0
   0DA0 FF                 3553 	.db #0xff	; 255
   0DA1 00                 3554 	.db #0x00	; 0
   0DA2 AA                 3555 	.db #0xaa	; 170
   0DA3 00                 3556 	.db #0x00	; 0
   0DA4 00                 3557 	.db #0x00	; 0
   0DA5 00                 3558 	.db #0x00	; 0
   0DA6 00                 3559 	.db #0x00	; 0
   0DA7 00                 3560 	.db #0x00	; 0
   0DA8 00                 3561 	.db #0x00	; 0
   0DA9 C0                 3562 	.db #0xc0	; 192
   0DAA 55                 3563 	.db #0x55	; 85	'U'
   0DAB 00                 3564 	.db #0x00	; 0
   0DAC FF                 3565 	.db #0xff	; 255
   0DAD 00                 3566 	.db #0x00	; 0
   0DAE FF                 3567 	.db #0xff	; 255
   0DAF 00                 3568 	.db #0x00	; 0
   0DB0 FF                 3569 	.db #0xff	; 255
   0DB1 00                 3570 	.db #0x00	; 0
   0DB2 00                 3571 	.db #0x00	; 0
   0DB3 00                 3572 	.db #0x00	; 0
   0DB4 00                 3573 	.db #0x00	; 0
   0DB5 04                 3574 	.db #0x04	; 4
   0DB6 00                 3575 	.db #0x00	; 0
   0DB7 40                 3576 	.db #0x40	; 64
   0DB8 55                 3577 	.db #0x55	; 85	'U'
   0DB9 00                 3578 	.db #0x00	; 0
   0DBA FF                 3579 	.db #0xff	; 255
   0DBB 00                 3580 	.db #0x00	; 0
   0DBC FF                 3581 	.db #0xff	; 255
   0DBD 00                 3582 	.db #0x00	; 0
   0DBE FF                 3583 	.db #0xff	; 255
   0DBF 00                 3584 	.db #0x00	; 0
   0DC0 00                 3585 	.db #0x00	; 0
   0DC1 04                 3586 	.db #0x04	; 4
   0DC2 00                 3587 	.db #0x00	; 0
   0DC3 04                 3588 	.db #0x04	; 4
   0DC4 00                 3589 	.db #0x00	; 0
   0DC5 00                 3590 	.db #0x00	; 0
   0DC6 FF                 3591 	.db #0xff	; 255
   0DC7 00                 3592 	.db #0x00	; 0
   0DC8 FF                 3593 	.db #0xff	; 255
   0DC9 00                 3594 	.db #0x00	; 0
   0DCA FF                 3595 	.db #0xff	; 255
   0DCB 00                 3596 	.db #0x00	; 0
   0DCC FF                 3597 	.db #0xff	; 255
   0DCD 00                 3598 	.db #0x00	; 0
   0DCE 00                 3599 	.db #0x00	; 0
   0DCF 04                 3600 	.db #0x04	; 4
   0DD0 00                 3601 	.db #0x00	; 0
   0DD1 04                 3602 	.db #0x04	; 4
   0DD2 00                 3603 	.db #0x00	; 0
   0DD3 00                 3604 	.db #0x00	; 0
   0DD4 FF                 3605 	.db #0xff	; 255
   0DD5 00                 3606 	.db #0x00	; 0
   0DD6 FF                 3607 	.db #0xff	; 255
   0DD7 00                 3608 	.db #0x00	; 0
   0DD8 FF                 3609 	.db #0xff	; 255
   0DD9 00                 3610 	.db #0x00	; 0
   0DDA FF                 3611 	.db #0xff	; 255
   0DDB 00                 3612 	.db #0x00	; 0
   0DDC 00                 3613 	.db #0x00	; 0
   0DDD 04                 3614 	.db #0x04	; 4
   0DDE 00                 3615 	.db #0x00	; 0
   0DDF 04                 3616 	.db #0x04	; 4
   0DE0 00                 3617 	.db #0x00	; 0
   0DE1 00                 3618 	.db #0x00	; 0
   0DE2 FF                 3619 	.db #0xff	; 255
   0DE3 00                 3620 	.db #0x00	; 0
   0DE4 FF                 3621 	.db #0xff	; 255
   0DE5 00                 3622 	.db #0x00	; 0
   0DE6 FF                 3623 	.db #0xff	; 255
   0DE7 00                 3624 	.db #0x00	; 0
   0DE8 FF                 3625 	.db #0xff	; 255
   0DE9 00                 3626 	.db #0x00	; 0
   0DEA 00                 3627 	.db #0x00	; 0
   0DEB 04                 3628 	.db #0x04	; 4
   0DEC 00                 3629 	.db #0x00	; 0
   0DED 04                 3630 	.db #0x04	; 4
   0DEE 00                 3631 	.db #0x00	; 0
   0DEF 00                 3632 	.db #0x00	; 0
   0DF0 FF                 3633 	.db #0xff	; 255
   0DF1 00                 3634 	.db #0x00	; 0
   0DF2 FF                 3635 	.db #0xff	; 255
   0DF3 00                 3636 	.db #0x00	; 0
   0DF4 FF                 3637 	.db #0xff	; 255
   0DF5 00                 3638 	.db #0x00	; 0
   0DF6 AA                 3639 	.db #0xaa	; 170
   0DF7 50                 3640 	.db #0x50	; 80	'P'
   0DF8 00                 3641 	.db #0x00	; 0
   0DF9 D0                 3642 	.db #0xd0	; 208
   0DFA 00                 3643 	.db #0x00	; 0
   0DFB C0                 3644 	.db #0xc0	; 192
   0DFC 00                 3645 	.db #0x00	; 0
   0DFD 80                 3646 	.db #0x80	; 128
   0DFE FF                 3647 	.db #0xff	; 255
   0DFF 00                 3648 	.db #0x00	; 0
   0E00                    3649 _g_alberto_walk:
   0E00 FF                 3650 	.db #0xff	; 255
   0E01 00                 3651 	.db #0x00	; 0
   0E02 FF                 3652 	.db #0xff	; 255
   0E03 00                 3653 	.db #0x00	; 0
   0E04 FF                 3654 	.db #0xff	; 255
   0E05 00                 3655 	.db #0x00	; 0
   0E06 FF                 3656 	.db #0xff	; 255
   0E07 00                 3657 	.db #0x00	; 0
   0E08 FF                 3658 	.db #0xff	; 255
   0E09 00                 3659 	.db #0x00	; 0
   0E0A FF                 3660 	.db #0xff	; 255
   0E0B 00                 3661 	.db #0x00	; 0
   0E0C FF                 3662 	.db #0xff	; 255
   0E0D 00                 3663 	.db #0x00	; 0
   0E0E FF                 3664 	.db #0xff	; 255
   0E0F 00                 3665 	.db #0x00	; 0
   0E10 FF                 3666 	.db #0xff	; 255
   0E11 00                 3667 	.db #0x00	; 0
   0E12 00                 3668 	.db #0x00	; 0
   0E13 00                 3669 	.db #0x00	; 0
   0E14 00                 3670 	.db #0x00	; 0
   0E15 00                 3671 	.db #0x00	; 0
   0E16 FF                 3672 	.db #0xff	; 255
   0E17 00                 3673 	.db #0x00	; 0
   0E18 FF                 3674 	.db #0xff	; 255
   0E19 00                 3675 	.db #0x00	; 0
   0E1A FF                 3676 	.db #0xff	; 255
   0E1B 00                 3677 	.db #0x00	; 0
   0E1C FF                 3678 	.db #0xff	; 255
   0E1D 00                 3679 	.db #0x00	; 0
   0E1E AA                 3680 	.db #0xaa	; 170
   0E1F 00                 3681 	.db #0x00	; 0
   0E20 00                 3682 	.db #0x00	; 0
   0E21 00                 3683 	.db #0x00	; 0
   0E22 00                 3684 	.db #0x00	; 0
   0E23 00                 3685 	.db #0x00	; 0
   0E24 55                 3686 	.db #0x55	; 85	'U'
   0E25 00                 3687 	.db #0x00	; 0
   0E26 FF                 3688 	.db #0xff	; 255
   0E27 00                 3689 	.db #0x00	; 0
   0E28 FF                 3690 	.db #0xff	; 255
   0E29 00                 3691 	.db #0x00	; 0
   0E2A FF                 3692 	.db #0xff	; 255
   0E2B 00                 3693 	.db #0x00	; 0
   0E2C 00                 3694 	.db #0x00	; 0
   0E2D 00                 3695 	.db #0x00	; 0
   0E2E 00                 3696 	.db #0x00	; 0
   0E2F 00                 3697 	.db #0x00	; 0
   0E30 00                 3698 	.db #0x00	; 0
   0E31 00                 3699 	.db #0x00	; 0
   0E32 00                 3700 	.db #0x00	; 0
   0E33 00                 3701 	.db #0x00	; 0
   0E34 FF                 3702 	.db #0xff	; 255
   0E35 00                 3703 	.db #0x00	; 0
   0E36 FF                 3704 	.db #0xff	; 255
   0E37 00                 3705 	.db #0x00	; 0
   0E38 AA                 3706 	.db #0xaa	; 170
   0E39 00                 3707 	.db #0x00	; 0
   0E3A 00                 3708 	.db #0x00	; 0
   0E3B 00                 3709 	.db #0x00	; 0
   0E3C 00                 3710 	.db #0x00	; 0
   0E3D 40                 3711 	.db #0x40	; 64
   0E3E 00                 3712 	.db #0x00	; 0
   0E3F 80                 3713 	.db #0x80	; 128
   0E40 00                 3714 	.db #0x00	; 0
   0E41 00                 3715 	.db #0x00	; 0
   0E42 55                 3716 	.db #0x55	; 85	'U'
   0E43 00                 3717 	.db #0x00	; 0
   0E44 FF                 3718 	.db #0xff	; 255
   0E45 00                 3719 	.db #0x00	; 0
   0E46 AA                 3720 	.db #0xaa	; 170
   0E47 00                 3721 	.db #0x00	; 0
   0E48 00                 3722 	.db #0x00	; 0
   0E49 00                 3723 	.db #0x00	; 0
   0E4A 00                 3724 	.db #0x00	; 0
   0E4B C0                 3725 	.db #0xc0	; 192
   0E4C 00                 3726 	.db #0x00	; 0
   0E4D C0                 3727 	.db #0xc0	; 192
   0E4E 00                 3728 	.db #0x00	; 0
   0E4F 80                 3729 	.db #0x80	; 128
   0E50 00                 3730 	.db #0x00	; 0
   0E51 00                 3731 	.db #0x00	; 0
   0E52 FF                 3732 	.db #0xff	; 255
   0E53 00                 3733 	.db #0x00	; 0
   0E54 00                 3734 	.db #0x00	; 0
   0E55 00                 3735 	.db #0x00	; 0
   0E56 00                 3736 	.db #0x00	; 0
   0E57 40                 3737 	.db #0x40	; 64
   0E58 00                 3738 	.db #0x00	; 0
   0E59 C0                 3739 	.db #0xc0	; 192
   0E5A 00                 3740 	.db #0x00	; 0
   0E5B C0                 3741 	.db #0xc0	; 192
   0E5C 00                 3742 	.db #0x00	; 0
   0E5D 80                 3743 	.db #0x80	; 128
   0E5E FF                 3744 	.db #0xff	; 255
   0E5F 00                 3745 	.db #0x00	; 0
   0E60 FF                 3746 	.db #0xff	; 255
   0E61 00                 3747 	.db #0x00	; 0
   0E62 00                 3748 	.db #0x00	; 0
   0E63 00                 3749 	.db #0x00	; 0
   0E64 00                 3750 	.db #0x00	; 0
   0E65 40                 3751 	.db #0x40	; 64
   0E66 00                 3752 	.db #0x00	; 0
   0E67 80                 3753 	.db #0x80	; 128
   0E68 00                 3754 	.db #0x00	; 0
   0E69 00                 3755 	.db #0x00	; 0
   0E6A 00                 3756 	.db #0x00	; 0
   0E6B 00                 3757 	.db #0x00	; 0
   0E6C FF                 3758 	.db #0xff	; 255
   0E6D 00                 3759 	.db #0x00	; 0
   0E6E FF                 3760 	.db #0xff	; 255
   0E6F 00                 3761 	.db #0x00	; 0
   0E70 00                 3762 	.db #0x00	; 0
   0E71 40                 3763 	.db #0x40	; 64
   0E72 00                 3764 	.db #0x00	; 0
   0E73 00                 3765 	.db #0x00	; 0
   0E74 00                 3766 	.db #0x00	; 0
   0E75 00                 3767 	.db #0x00	; 0
   0E76 00                 3768 	.db #0x00	; 0
   0E77 00                 3769 	.db #0x00	; 0
   0E78 00                 3770 	.db #0x00	; 0
   0E79 00                 3771 	.db #0x00	; 0
   0E7A 55                 3772 	.db #0x55	; 85	'U'
   0E7B 00                 3773 	.db #0x00	; 0
   0E7C FF                 3774 	.db #0xff	; 255
   0E7D 00                 3775 	.db #0x00	; 0
   0E7E 00                 3776 	.db #0x00	; 0
   0E7F 40                 3777 	.db #0x40	; 64
   0E80 00                 3778 	.db #0x00	; 0
   0E81 C0                 3779 	.db #0xc0	; 192
   0E82 00                 3780 	.db #0x00	; 0
   0E83 C0                 3781 	.db #0xc0	; 192
   0E84 00                 3782 	.db #0x00	; 0
   0E85 00                 3783 	.db #0x00	; 0
   0E86 00                 3784 	.db #0x00	; 0
   0E87 40                 3785 	.db #0x40	; 64
   0E88 00                 3786 	.db #0x00	; 0
   0E89 80                 3787 	.db #0x80	; 128
   0E8A FF                 3788 	.db #0xff	; 255
   0E8B 00                 3789 	.db #0x00	; 0
   0E8C 00                 3790 	.db #0x00	; 0
   0E8D 40                 3791 	.db #0x40	; 64
   0E8E 00                 3792 	.db #0x00	; 0
   0E8F 40                 3793 	.db #0x40	; 64
   0E90 00                 3794 	.db #0x00	; 0
   0E91 00                 3795 	.db #0x00	; 0
   0E92 00                 3796 	.db #0x00	; 0
   0E93 40                 3797 	.db #0x40	; 64
   0E94 00                 3798 	.db #0x00	; 0
   0E95 C0                 3799 	.db #0xc0	; 192
   0E96 00                 3800 	.db #0x00	; 0
   0E97 C0                 3801 	.db #0xc0	; 192
   0E98 55                 3802 	.db #0x55	; 85	'U'
   0E99 00                 3803 	.db #0x00	; 0
   0E9A 00                 3804 	.db #0x00	; 0
   0E9B 00                 3805 	.db #0x00	; 0
   0E9C 00                 3806 	.db #0x00	; 0
   0E9D C0                 3807 	.db #0xc0	; 192
   0E9E 00                 3808 	.db #0x00	; 0
   0E9F 40                 3809 	.db #0x40	; 64
   0EA0 00                 3810 	.db #0x00	; 0
   0EA1 00                 3811 	.db #0x00	; 0
   0EA2 00                 3812 	.db #0x00	; 0
   0EA3 40                 3813 	.db #0x40	; 64
   0EA4 00                 3814 	.db #0x00	; 0
   0EA5 80                 3815 	.db #0x80	; 128
   0EA6 FF                 3816 	.db #0xff	; 255
   0EA7 00                 3817 	.db #0x00	; 0
   0EA8 AA                 3818 	.db #0xaa	; 170
   0EA9 00                 3819 	.db #0x00	; 0
   0EAA 00                 3820 	.db #0x00	; 0
   0EAB 40                 3821 	.db #0x40	; 64
   0EAC 00                 3822 	.db #0x00	; 0
   0EAD 40                 3823 	.db #0x40	; 64
   0EAE 00                 3824 	.db #0x00	; 0
   0EAF 40                 3825 	.db #0x40	; 64
   0EB0 00                 3826 	.db #0x00	; 0
   0EB1 00                 3827 	.db #0x00	; 0
   0EB2 55                 3828 	.db #0x55	; 85	'U'
   0EB3 00                 3829 	.db #0x00	; 0
   0EB4 FF                 3830 	.db #0xff	; 255
   0EB5 00                 3831 	.db #0x00	; 0
   0EB6 FF                 3832 	.db #0xff	; 255
   0EB7 00                 3833 	.db #0x00	; 0
   0EB8 00                 3834 	.db #0x00	; 0
   0EB9 40                 3835 	.db #0x40	; 64
   0EBA 00                 3836 	.db #0x00	; 0
   0EBB 80                 3837 	.db #0x80	; 128
   0EBC 00                 3838 	.db #0x00	; 0
   0EBD 40                 3839 	.db #0x40	; 64
   0EBE 00                 3840 	.db #0x00	; 0
   0EBF 40                 3841 	.db #0x40	; 64
   0EC0 55                 3842 	.db #0x55	; 85	'U'
   0EC1 00                 3843 	.db #0x00	; 0
   0EC2 FF                 3844 	.db #0xff	; 255
   0EC3 00                 3845 	.db #0x00	; 0
   0EC4 FF                 3846 	.db #0xff	; 255
   0EC5 00                 3847 	.db #0x00	; 0
   0EC6 00                 3848 	.db #0x00	; 0
   0EC7 40                 3849 	.db #0x40	; 64
   0EC8 00                 3850 	.db #0x00	; 0
   0EC9 C0                 3851 	.db #0xc0	; 192
   0ECA 00                 3852 	.db #0x00	; 0
   0ECB 40                 3853 	.db #0x40	; 64
   0ECC 00                 3854 	.db #0x00	; 0
   0ECD 40                 3855 	.db #0x40	; 64
   0ECE 55                 3856 	.db #0x55	; 85	'U'
   0ECF 00                 3857 	.db #0x00	; 0
   0ED0 FF                 3858 	.db #0xff	; 255
   0ED1 00                 3859 	.db #0x00	; 0
   0ED2 AA                 3860 	.db #0xaa	; 170
   0ED3 00                 3861 	.db #0x00	; 0
   0ED4 00                 3862 	.db #0x00	; 0
   0ED5 08                 3863 	.db #0x08	; 8
   0ED6 00                 3864 	.db #0x00	; 0
   0ED7 C0                 3865 	.db #0xc0	; 192
   0ED8 00                 3866 	.db #0x00	; 0
   0ED9 00                 3867 	.db #0x00	; 0
   0EDA 00                 3868 	.db #0x00	; 0
   0EDB 40                 3869 	.db #0x40	; 64
   0EDC 55                 3870 	.db #0x55	; 85	'U'
   0EDD 00                 3871 	.db #0x00	; 0
   0EDE FF                 3872 	.db #0xff	; 255
   0EDF 00                 3873 	.db #0x00	; 0
   0EE0 00                 3874 	.db #0x00	; 0
   0EE1 55                 3875 	.db #0x55	; 85	'U'
   0EE2 00                 3876 	.db #0x00	; 0
   0EE3 08                 3877 	.db #0x08	; 8
   0EE4 00                 3878 	.db #0x00	; 0
   0EE5 00                 3879 	.db #0x00	; 0
   0EE6 00                 3880 	.db #0x00	; 0
   0EE7 C0                 3881 	.db #0xc0	; 192
   0EE8 00                 3882 	.db #0x00	; 0
   0EE9 00                 3883 	.db #0x00	; 0
   0EEA FF                 3884 	.db #0xff	; 255
   0EEB 00                 3885 	.db #0x00	; 0
   0EEC FF                 3886 	.db #0xff	; 255
   0EED 00                 3887 	.db #0x00	; 0
   0EEE 00                 3888 	.db #0x00	; 0
   0EEF 04                 3889 	.db #0x04	; 4
   0EF0 00                 3890 	.db #0x00	; 0
   0EF1 04                 3891 	.db #0x04	; 4
   0EF2 00                 3892 	.db #0x00	; 0
   0EF3 40                 3893 	.db #0x40	; 64
   0EF4 00                 3894 	.db #0x00	; 0
   0EF5 00                 3895 	.db #0x00	; 0
   0EF6 FF                 3896 	.db #0xff	; 255
   0EF7 00                 3897 	.db #0x00	; 0
   0EF8 FF                 3898 	.db #0xff	; 255
   0EF9 00                 3899 	.db #0x00	; 0
   0EFA FF                 3900 	.db #0xff	; 255
   0EFB 00                 3901 	.db #0x00	; 0
   0EFC 00                 3902 	.db #0x00	; 0
   0EFD 04                 3903 	.db #0x04	; 4
   0EFE 00                 3904 	.db #0x00	; 0
   0EFF 08                 3905 	.db #0x08	; 8
   0F00 00                 3906 	.db #0x00	; 0
   0F01 08                 3907 	.db #0x08	; 8
   0F02 00                 3908 	.db #0x00	; 0
   0F03 00                 3909 	.db #0x00	; 0
   0F04 FF                 3910 	.db #0xff	; 255
   0F05 00                 3911 	.db #0x00	; 0
   0F06 FF                 3912 	.db #0xff	; 255
   0F07 00                 3913 	.db #0x00	; 0
   0F08 FF                 3914 	.db #0xff	; 255
   0F09 00                 3915 	.db #0x00	; 0
   0F0A 00                 3916 	.db #0x00	; 0
   0F0B 04                 3917 	.db #0x04	; 4
   0F0C 00                 3918 	.db #0x00	; 0
   0F0D 04                 3919 	.db #0x04	; 4
   0F0E 00                 3920 	.db #0x00	; 0
   0F0F 00                 3921 	.db #0x00	; 0
   0F10 00                 3922 	.db #0x00	; 0
   0F11 80                 3923 	.db #0x80	; 128
   0F12 FF                 3924 	.db #0xff	; 255
   0F13 00                 3925 	.db #0x00	; 0
   0F14 FF                 3926 	.db #0xff	; 255
   0F15 00                 3927 	.db #0x00	; 0
   0F16 FF                 3928 	.db #0xff	; 255
   0F17 00                 3929 	.db #0x00	; 0
   0F18 00                 3930 	.db #0x00	; 0
   0F19 04                 3931 	.db #0x04	; 4
   0F1A 00                 3932 	.db #0x00	; 0
   0F1B 04                 3933 	.db #0x04	; 4
   0F1C 00                 3934 	.db #0x00	; 0
   0F1D 08                 3935 	.db #0x08	; 8
   0F1E 00                 3936 	.db #0x00	; 0
   0F1F 40                 3937 	.db #0x40	; 64
   0F20 00                 3938 	.db #0x00	; 0
   0F21 00                 3939 	.db #0x00	; 0
   0F22 FF                 3940 	.db #0xff	; 255
   0F23 00                 3941 	.db #0x00	; 0
   0F24 FF                 3942 	.db #0xff	; 255
   0F25 00                 3943 	.db #0x00	; 0
   0F26 AA                 3944 	.db #0xaa	; 170
   0F27 00                 3945 	.db #0x00	; 0
   0F28 00                 3946 	.db #0x00	; 0
   0F29 08                 3947 	.db #0x08	; 8
   0F2A 00                 3948 	.db #0x00	; 0
   0F2B 0C                 3949 	.db #0x0c	; 12
   0F2C 00                 3950 	.db #0x00	; 0
   0F2D 40                 3951 	.db #0x40	; 64
   0F2E 00                 3952 	.db #0x00	; 0
   0F2F 80                 3953 	.db #0x80	; 128
   0F30 55                 3954 	.db #0x55	; 85	'U'
   0F31 00                 3955 	.db #0x00	; 0
   0F32 FF                 3956 	.db #0xff	; 255
   0F33 00                 3957 	.db #0x00	; 0
   0F34 AA                 3958 	.db #0xaa	; 170
   0F35 00                 3959 	.db #0x00	; 0
   0F36 00                 3960 	.db #0x00	; 0
   0F37 08                 3961 	.db #0x08	; 8
   0F38 00                 3962 	.db #0x00	; 0
   0F39 00                 3963 	.db #0x00	; 0
   0F3A 00                 3964 	.db #0x00	; 0
   0F3B 40                 3965 	.db #0x40	; 64
   0F3C 00                 3966 	.db #0x00	; 0
   0F3D 80                 3967 	.db #0x80	; 128
   0F3E 55                 3968 	.db #0x55	; 85	'U'
   0F3F 00                 3969 	.db #0x00	; 0
   0F40 FF                 3970 	.db #0xff	; 255
   0F41 00                 3971 	.db #0x00	; 0
   0F42 AA                 3972 	.db #0xaa	; 170
   0F43 00                 3973 	.db #0x00	; 0
   0F44 00                 3974 	.db #0x00	; 0
   0F45 40                 3975 	.db #0x40	; 64
   0F46 00                 3976 	.db #0x00	; 0
   0F47 84                 3977 	.db #0x84	; 132
   0F48 00                 3978 	.db #0x00	; 0
   0F49 08                 3979 	.db #0x08	; 8
   0F4A 55                 3980 	.db #0x55	; 85	'U'
   0F4B 80                 3981 	.db #0x80	; 128
   0F4C 00                 3982 	.db #0x00	; 0
   0F4D 00                 3983 	.db #0x00	; 0
   0F4E FF                 3984 	.db #0xff	; 255
   0F4F 00                 3985 	.db #0x00	; 0
   0F50 AA                 3986 	.db #0xaa	; 170
   0F51 00                 3987 	.db #0x00	; 0
   0F52 00                 3988 	.db #0x00	; 0
   0F53 00                 3989 	.db #0x00	; 0
   0F54 00                 3990 	.db #0x00	; 0
   0F55 84                 3991 	.db #0x84	; 132
   0F56 00                 3992 	.db #0x00	; 0
   0F57 08                 3993 	.db #0x08	; 8
   0F58 55                 3994 	.db #0x55	; 85	'U'
   0F59 00                 3995 	.db #0x00	; 0
   0F5A FF                 3996 	.db #0xff	; 255
   0F5B 00                 3997 	.db #0x00	; 0
   0F5C FF                 3998 	.db #0xff	; 255
   0F5D 00                 3999 	.db #0x00	; 0
   0F5E AA                 4000 	.db #0xaa	; 170
   0F5F 00                 4001 	.db #0x00	; 0
   0F60 00                 4002 	.db #0x00	; 0
   0F61 00                 4003 	.db #0x00	; 0
   0F62 00                 4004 	.db #0x00	; 0
   0F63 00                 4005 	.db #0x00	; 0
   0F64 00                 4006 	.db #0x00	; 0
   0F65 00                 4007 	.db #0x00	; 0
   0F66 FF                 4008 	.db #0xff	; 255
   0F67 00                 4009 	.db #0x00	; 0
   0F68 FF                 4010 	.db #0xff	; 255
   0F69 00                 4011 	.db #0x00	; 0
   0F6A FF                 4012 	.db #0xff	; 255
   0F6B 00                 4013 	.db #0x00	; 0
   0F6C AA                 4014 	.db #0xaa	; 170
   0F6D 00                 4015 	.db #0x00	; 0
   0F6E 00                 4016 	.db #0x00	; 0
   0F6F 04                 4017 	.db #0x04	; 4
   0F70 00                 4018 	.db #0x00	; 0
   0F71 00                 4019 	.db #0x00	; 0
   0F72 FF                 4020 	.db #0xff	; 255
   0F73 00                 4021 	.db #0x00	; 0
   0F74 FF                 4022 	.db #0xff	; 255
   0F75 00                 4023 	.db #0x00	; 0
   0F76 FF                 4024 	.db #0xff	; 255
   0F77 00                 4025 	.db #0x00	; 0
   0F78 FF                 4026 	.db #0xff	; 255
   0F79 00                 4027 	.db #0x00	; 0
   0F7A AA                 4028 	.db #0xaa	; 170
   0F7B 00                 4029 	.db #0x00	; 0
   0F7C 00                 4030 	.db #0x00	; 0
   0F7D 04                 4031 	.db #0x04	; 4
   0F7E 00                 4032 	.db #0x00	; 0
   0F7F 04                 4033 	.db #0x04	; 4
   0F80 55                 4034 	.db #0x55	; 85	'U'
   0F81 00                 4035 	.db #0x00	; 0
   0F82 FF                 4036 	.db #0xff	; 255
   0F83 00                 4037 	.db #0x00	; 0
   0F84 FF                 4038 	.db #0xff	; 255
   0F85 00                 4039 	.db #0x00	; 0
   0F86 FF                 4040 	.db #0xff	; 255
   0F87 00                 4041 	.db #0x00	; 0
   0F88 AA                 4042 	.db #0xaa	; 170
   0F89 00                 4043 	.db #0x00	; 0
   0F8A 00                 4044 	.db #0x00	; 0
   0F8B 04                 4045 	.db #0x04	; 4
   0F8C 00                 4046 	.db #0x00	; 0
   0F8D 04                 4047 	.db #0x04	; 4
   0F8E 00                 4048 	.db #0x00	; 0
   0F8F 08                 4049 	.db #0x08	; 8
   0F90 FF                 4050 	.db #0xff	; 255
   0F91 00                 4051 	.db #0x00	; 0
   0F92 FF                 4052 	.db #0xff	; 255
   0F93 00                 4053 	.db #0x00	; 0
   0F94 FF                 4054 	.db #0xff	; 255
   0F95 00                 4055 	.db #0x00	; 0
   0F96 AA                 4056 	.db #0xaa	; 170
   0F97 00                 4057 	.db #0x00	; 0
   0F98 00                 4058 	.db #0x00	; 0
   0F99 04                 4059 	.db #0x04	; 4
   0F9A 00                 4060 	.db #0x00	; 0
   0F9B 00                 4061 	.db #0x00	; 0
   0F9C 00                 4062 	.db #0x00	; 0
   0F9D 08                 4063 	.db #0x08	; 8
   0F9E 55                 4064 	.db #0x55	; 85	'U'
   0F9F 00                 4065 	.db #0x00	; 0
   0FA0 FF                 4066 	.db #0xff	; 255
   0FA1 00                 4067 	.db #0x00	; 0
   0FA2 FF                 4068 	.db #0xff	; 255
   0FA3 00                 4069 	.db #0x00	; 0
   0FA4 AA                 4070 	.db #0xaa	; 170
   0FA5 00                 4071 	.db #0x00	; 0
   0FA6 00                 4072 	.db #0x00	; 0
   0FA7 04                 4073 	.db #0x04	; 4
   0FA8 55                 4074 	.db #0x55	; 85	'U'
   0FA9 00                 4075 	.db #0x00	; 0
   0FAA 00                 4076 	.db #0x00	; 0
   0FAB 40                 4077 	.db #0x40	; 64
   0FAC 00                 4078 	.db #0x00	; 0
   0FAD D0                 4079 	.db #0xd0	; 208
   0FAE FF                 4080 	.db #0xff	; 255
   0FAF 00                 4081 	.db #0x00	; 0
   0FB0 FF                 4082 	.db #0xff	; 255
   0FB1 00                 4083 	.db #0x00	; 0
   0FB2 AA                 4084 	.db #0xaa	; 170
   0FB3 00                 4085 	.db #0x00	; 0
   0FB4 00                 4086 	.db #0x00	; 0
   0FB5 C0                 4087 	.db #0xc0	; 192
   0FB6 00                 4088 	.db #0x00	; 0
   0FB7 D0                 4089 	.db #0xd0	; 208
   0FB8 FF                 4090 	.db #0xff	; 255
   0FB9 00                 4091 	.db #0x00	; 0
   0FBA FF                 4092 	.db #0xff	; 255
   0FBB 00                 4093 	.db #0x00	; 0
   0FBC FF                 4094 	.db #0xff	; 255
   0FBD 00                 4095 	.db #0x00	; 0
   0FBE FF                 4096 	.db #0xff	; 255
   0FBF 00                 4097 	.db #0x00	; 0
   0FC0                    4098 _g_alberto_walk_rev:
   0FC0 FF                 4099 	.db #0xff	; 255
   0FC1 00                 4100 	.db #0x00	; 0
   0FC2 FF                 4101 	.db #0xff	; 255
   0FC3 00                 4102 	.db #0x00	; 0
   0FC4 FF                 4103 	.db #0xff	; 255
   0FC5 00                 4104 	.db #0x00	; 0
   0FC6 FF                 4105 	.db #0xff	; 255
   0FC7 00                 4106 	.db #0x00	; 0
   0FC8 FF                 4107 	.db #0xff	; 255
   0FC9 00                 4108 	.db #0x00	; 0
   0FCA FF                 4109 	.db #0xff	; 255
   0FCB 00                 4110 	.db #0x00	; 0
   0FCC FF                 4111 	.db #0xff	; 255
   0FCD 00                 4112 	.db #0x00	; 0
   0FCE FF                 4113 	.db #0xff	; 255
   0FCF 00                 4114 	.db #0x00	; 0
   0FD0 FF                 4115 	.db #0xff	; 255
   0FD1 00                 4116 	.db #0x00	; 0
   0FD2 AA                 4117 	.db #0xaa	; 170
   0FD3 00                 4118 	.db #0x00	; 0
   0FD4 00                 4119 	.db #0x00	; 0
   0FD5 00                 4120 	.db #0x00	; 0
   0FD6 55                 4121 	.db #0x55	; 85	'U'
   0FD7 00                 4122 	.db #0x00	; 0
   0FD8 FF                 4123 	.db #0xff	; 255
   0FD9 00                 4124 	.db #0x00	; 0
   0FDA FF                 4125 	.db #0xff	; 255
   0FDB 00                 4126 	.db #0x00	; 0
   0FDC FF                 4127 	.db #0xff	; 255
   0FDD 00                 4128 	.db #0x00	; 0
   0FDE FF                 4129 	.db #0xff	; 255
   0FDF 00                 4130 	.db #0x00	; 0
   0FE0 00                 4131 	.db #0x00	; 0
   0FE1 00                 4132 	.db #0x00	; 0
   0FE2 00                 4133 	.db #0x00	; 0
   0FE3 00                 4134 	.db #0x00	; 0
   0FE4 00                 4135 	.db #0x00	; 0
   0FE5 00                 4136 	.db #0x00	; 0
   0FE6 FF                 4137 	.db #0xff	; 255
   0FE7 00                 4138 	.db #0x00	; 0
   0FE8 FF                 4139 	.db #0xff	; 255
   0FE9 00                 4140 	.db #0x00	; 0
   0FEA FF                 4141 	.db #0xff	; 255
   0FEB 00                 4142 	.db #0x00	; 0
   0FEC AA                 4143 	.db #0xaa	; 170
   0FED 00                 4144 	.db #0x00	; 0
   0FEE 00                 4145 	.db #0x00	; 0
   0FEF 00                 4146 	.db #0x00	; 0
   0FF0 00                 4147 	.db #0x00	; 0
   0FF1 00                 4148 	.db #0x00	; 0
   0FF2 00                 4149 	.db #0x00	; 0
   0FF3 00                 4150 	.db #0x00	; 0
   0FF4 55                 4151 	.db #0x55	; 85	'U'
   0FF5 00                 4152 	.db #0x00	; 0
   0FF6 FF                 4153 	.db #0xff	; 255
   0FF7 00                 4154 	.db #0x00	; 0
   0FF8 FF                 4155 	.db #0xff	; 255
   0FF9 00                 4156 	.db #0x00	; 0
   0FFA 00                 4157 	.db #0x00	; 0
   0FFB 00                 4158 	.db #0x00	; 0
   0FFC 00                 4159 	.db #0x00	; 0
   0FFD 00                 4160 	.db #0x00	; 0
   0FFE 00                 4161 	.db #0x00	; 0
   0FFF C0                 4162 	.db #0xc0	; 192
   1000 00                 4163 	.db #0x00	; 0
   1001 00                 4164 	.db #0x00	; 0
   1002 00                 4165 	.db #0x00	; 0
   1003 00                 4166 	.db #0x00	; 0
   1004 FF                 4167 	.db #0xff	; 255
   1005 00                 4168 	.db #0x00	; 0
   1006 AA                 4169 	.db #0xaa	; 170
   1007 00                 4170 	.db #0x00	; 0
   1008 00                 4171 	.db #0x00	; 0
   1009 00                 4172 	.db #0x00	; 0
   100A 00                 4173 	.db #0x00	; 0
   100B C0                 4174 	.db #0xc0	; 192
   100C 00                 4175 	.db #0x00	; 0
   100D C0                 4176 	.db #0xc0	; 192
   100E 00                 4177 	.db #0x00	; 0
   100F 80                 4178 	.db #0x80	; 128
   1010 00                 4179 	.db #0x00	; 0
   1011 00                 4180 	.db #0x00	; 0
   1012 FF                 4181 	.db #0xff	; 255
   1013 00                 4182 	.db #0x00	; 0
   1014 FF                 4183 	.db #0xff	; 255
   1015 00                 4184 	.db #0x00	; 0
   1016 AA                 4185 	.db #0xaa	; 170
   1017 00                 4186 	.db #0x00	; 0
   1018 00                 4187 	.db #0x00	; 0
   1019 C0                 4188 	.db #0xc0	; 192
   101A 00                 4189 	.db #0x00	; 0
   101B C0                 4190 	.db #0xc0	; 192
   101C 00                 4191 	.db #0x00	; 0
   101D C0                 4192 	.db #0xc0	; 192
   101E 00                 4193 	.db #0x00	; 0
   101F 00                 4194 	.db #0x00	; 0
   1020 55                 4195 	.db #0x55	; 85	'U'
   1021 00                 4196 	.db #0x00	; 0
   1022 FF                 4197 	.db #0xff	; 255
   1023 00                 4198 	.db #0x00	; 0
   1024 AA                 4199 	.db #0xaa	; 170
   1025 00                 4200 	.db #0x00	; 0
   1026 00                 4201 	.db #0x00	; 0
   1027 00                 4202 	.db #0x00	; 0
   1028 00                 4203 	.db #0x00	; 0
   1029 00                 4204 	.db #0x00	; 0
   102A 00                 4205 	.db #0x00	; 0
   102B C0                 4206 	.db #0xc0	; 192
   102C 00                 4207 	.db #0x00	; 0
   102D 00                 4208 	.db #0x00	; 0
   102E 55                 4209 	.db #0x55	; 85	'U'
   102F 00                 4210 	.db #0x00	; 0
   1030 FF                 4211 	.db #0xff	; 255
   1031 00                 4212 	.db #0x00	; 0
   1032 00                 4213 	.db #0x00	; 0
   1033 00                 4214 	.db #0x00	; 0
   1034 00                 4215 	.db #0x00	; 0
   1035 00                 4216 	.db #0x00	; 0
   1036 00                 4217 	.db #0x00	; 0
   1037 00                 4218 	.db #0x00	; 0
   1038 00                 4219 	.db #0x00	; 0
   1039 00                 4220 	.db #0x00	; 0
   103A 00                 4221 	.db #0x00	; 0
   103B 40                 4222 	.db #0x40	; 64
   103C 55                 4223 	.db #0x55	; 85	'U'
   103D 00                 4224 	.db #0x00	; 0
   103E AA                 4225 	.db #0xaa	; 170
   103F 00                 4226 	.db #0x00	; 0
   1040 00                 4227 	.db #0x00	; 0
   1041 C0                 4228 	.db #0xc0	; 192
   1042 00                 4229 	.db #0x00	; 0
   1043 00                 4230 	.db #0x00	; 0
   1044 00                 4231 	.db #0x00	; 0
   1045 40                 4232 	.db #0x40	; 64
   1046 00                 4233 	.db #0x00	; 0
   1047 C0                 4234 	.db #0xc0	; 192
   1048 00                 4235 	.db #0x00	; 0
   1049 C0                 4236 	.db #0xc0	; 192
   104A 55                 4237 	.db #0x55	; 85	'U'
   104B 00                 4238 	.db #0x00	; 0
   104C 00                 4239 	.db #0x00	; 0
   104D 40                 4240 	.db #0x40	; 64
   104E 00                 4241 	.db #0x00	; 0
   104F C0                 4242 	.db #0xc0	; 192
   1050 00                 4243 	.db #0x00	; 0
   1051 C0                 4244 	.db #0xc0	; 192
   1052 00                 4245 	.db #0x00	; 0
   1053 00                 4246 	.db #0x00	; 0
   1054 00                 4247 	.db #0x00	; 0
   1055 40                 4248 	.db #0x40	; 64
   1056 00                 4249 	.db #0x00	; 0
   1057 40                 4250 	.db #0x40	; 64
   1058 55                 4251 	.db #0x55	; 85	'U'
   1059 00                 4252 	.db #0x00	; 0
   105A AA                 4253 	.db #0xaa	; 170
   105B 00                 4254 	.db #0x00	; 0
   105C 00                 4255 	.db #0x00	; 0
   105D C0                 4256 	.db #0xc0	; 192
   105E 00                 4257 	.db #0x00	; 0
   105F 00                 4258 	.db #0x00	; 0
   1060 00                 4259 	.db #0x00	; 0
   1061 40                 4260 	.db #0x40	; 64
   1062 00                 4261 	.db #0x00	; 0
   1063 40                 4262 	.db #0x40	; 64
   1064 00                 4263 	.db #0x00	; 0
   1065 80                 4264 	.db #0x80	; 128
   1066 55                 4265 	.db #0x55	; 85	'U'
   1067 00                 4266 	.db #0x00	; 0
   1068 FF                 4267 	.db #0xff	; 255
   1069 00                 4268 	.db #0x00	; 0
   106A 00                 4269 	.db #0x00	; 0
   106B 00                 4270 	.db #0x00	; 0
   106C 00                 4271 	.db #0x00	; 0
   106D 40                 4272 	.db #0x40	; 64
   106E 00                 4273 	.db #0x00	; 0
   106F 40                 4274 	.db #0x40	; 64
   1070 00                 4275 	.db #0x00	; 0
   1071 40                 4276 	.db #0x40	; 64
   1072 00                 4277 	.db #0x00	; 0
   1073 00                 4278 	.db #0x00	; 0
   1074 FF                 4279 	.db #0xff	; 255
   1075 00                 4280 	.db #0x00	; 0
   1076 FF                 4281 	.db #0xff	; 255
   1077 00                 4282 	.db #0x00	; 0
   1078 00                 4283 	.db #0x00	; 0
   1079 40                 4284 	.db #0x40	; 64
   107A 00                 4285 	.db #0x00	; 0
   107B 40                 4286 	.db #0x40	; 64
   107C 00                 4287 	.db #0x00	; 0
   107D 00                 4288 	.db #0x00	; 0
   107E 00                 4289 	.db #0x00	; 0
   107F C0                 4290 	.db #0xc0	; 192
   1080 55                 4291 	.db #0x55	; 85	'U'
   1081 00                 4292 	.db #0x00	; 0
   1082 FF                 4293 	.db #0xff	; 255
   1083 00                 4294 	.db #0x00	; 0
   1084 FF                 4295 	.db #0xff	; 255
   1085 00                 4296 	.db #0x00	; 0
   1086 00                 4297 	.db #0x00	; 0
   1087 40                 4298 	.db #0x40	; 64
   1088 00                 4299 	.db #0x00	; 0
   1089 40                 4300 	.db #0x40	; 64
   108A 00                 4301 	.db #0x00	; 0
   108B 40                 4302 	.db #0x40	; 64
   108C 00                 4303 	.db #0x00	; 0
   108D C0                 4304 	.db #0xc0	; 192
   108E 55                 4305 	.db #0x55	; 85	'U'
   108F 00                 4306 	.db #0x00	; 0
   1090 FF                 4307 	.db #0xff	; 255
   1091 00                 4308 	.db #0x00	; 0
   1092 FF                 4309 	.db #0xff	; 255
   1093 00                 4310 	.db #0x00	; 0
   1094 00                 4311 	.db #0x00	; 0
   1095 40                 4312 	.db #0x40	; 64
   1096 00                 4313 	.db #0x00	; 0
   1097 00                 4314 	.db #0x00	; 0
   1098 00                 4315 	.db #0x00	; 0
   1099 40                 4316 	.db #0x40	; 64
   109A 00                 4317 	.db #0x00	; 0
   109B 80                 4318 	.db #0x80	; 128
   109C 00                 4319 	.db #0x00	; 0
   109D 08                 4320 	.db #0x08	; 8
   109E FF                 4321 	.db #0xff	; 255
   109F 00                 4322 	.db #0x00	; 0
   10A0 FF                 4323 	.db #0xff	; 255
   10A1 00                 4324 	.db #0x00	; 0
   10A2 AA                 4325 	.db #0xaa	; 170
   10A3 00                 4326 	.db #0x00	; 0
   10A4 00                 4327 	.db #0x00	; 0
   10A5 40                 4328 	.db #0x40	; 64
   10A6 00                 4329 	.db #0x00	; 0
   10A7 80                 4330 	.db #0x80	; 128
   10A8 00                 4331 	.db #0x00	; 0
   10A9 00                 4332 	.db #0x00	; 0
   10AA 00                 4333 	.db #0x00	; 0
   10AB 5D                 4334 	.db #0x5d	; 93
   10AC 55                 4335 	.db #0x55	; 85	'U'
   10AD 00                 4336 	.db #0x00	; 0
   10AE FF                 4337 	.db #0xff	; 255
   10AF 00                 4338 	.db #0x00	; 0
   10B0 FF                 4339 	.db #0xff	; 255
   10B1 00                 4340 	.db #0x00	; 0
   10B2 AA                 4341 	.db #0xaa	; 170
   10B3 00                 4342 	.db #0x00	; 0
   10B4 00                 4343 	.db #0x00	; 0
   10B5 40                 4344 	.db #0x40	; 64
   10B6 00                 4345 	.db #0x00	; 0
   10B7 04                 4346 	.db #0x04	; 4
   10B8 00                 4347 	.db #0x00	; 0
   10B9 04                 4348 	.db #0x04	; 4
   10BA 55                 4349 	.db #0x55	; 85	'U'
   10BB 00                 4350 	.db #0x00	; 0
   10BC FF                 4351 	.db #0xff	; 255
   10BD 00                 4352 	.db #0x00	; 0
   10BE FF                 4353 	.db #0xff	; 255
   10BF 00                 4354 	.db #0x00	; 0
   10C0 AA                 4355 	.db #0xaa	; 170
   10C1 00                 4356 	.db #0x00	; 0
   10C2 00                 4357 	.db #0x00	; 0
   10C3 00                 4358 	.db #0x00	; 0
   10C4 00                 4359 	.db #0x00	; 0
   10C5 08                 4360 	.db #0x08	; 8
   10C6 00                 4361 	.db #0x00	; 0
   10C7 0C                 4362 	.db #0x0c	; 12
   10C8 55                 4363 	.db #0x55	; 85	'U'
   10C9 00                 4364 	.db #0x00	; 0
   10CA FF                 4365 	.db #0xff	; 255
   10CB 00                 4366 	.db #0x00	; 0
   10CC FF                 4367 	.db #0xff	; 255
   10CD 00                 4368 	.db #0x00	; 0
   10CE AA                 4369 	.db #0xaa	; 170
   10CF 00                 4370 	.db #0x00	; 0
   10D0 00                 4371 	.db #0x00	; 0
   10D1 80                 4372 	.db #0x80	; 128
   10D2 00                 4373 	.db #0x00	; 0
   10D3 04                 4374 	.db #0x04	; 4
   10D4 00                 4375 	.db #0x00	; 0
   10D5 04                 4376 	.db #0x04	; 4
   10D6 55                 4377 	.db #0x55	; 85	'U'
   10D7 00                 4378 	.db #0x00	; 0
   10D8 FF                 4379 	.db #0xff	; 255
   10D9 00                 4380 	.db #0x00	; 0
   10DA AA                 4381 	.db #0xaa	; 170
   10DB 00                 4382 	.db #0x00	; 0
   10DC 00                 4383 	.db #0x00	; 0
   10DD 40                 4384 	.db #0x40	; 64
   10DE 00                 4385 	.db #0x00	; 0
   10DF 00                 4386 	.db #0x00	; 0
   10E0 00                 4387 	.db #0x00	; 0
   10E1 0C                 4388 	.db #0x0c	; 12
   10E2 00                 4389 	.db #0x00	; 0
   10E3 04                 4390 	.db #0x04	; 4
   10E4 55                 4391 	.db #0x55	; 85	'U'
   10E5 00                 4392 	.db #0x00	; 0
   10E6 FF                 4393 	.db #0xff	; 255
   10E7 00                 4394 	.db #0x00	; 0
   10E8 00                 4395 	.db #0x00	; 0
   10E9 00                 4396 	.db #0x00	; 0
   10EA 00                 4397 	.db #0x00	; 0
   10EB C0                 4398 	.db #0xc0	; 192
   10EC 00                 4399 	.db #0x00	; 0
   10ED 04                 4400 	.db #0x04	; 4
   10EE 00                 4401 	.db #0x00	; 0
   10EF 08                 4402 	.db #0x08	; 8
   10F0 00                 4403 	.db #0x00	; 0
   10F1 08                 4404 	.db #0x08	; 8
   10F2 FF                 4405 	.db #0xff	; 255
   10F3 00                 4406 	.db #0x00	; 0
   10F4 FF                 4407 	.db #0xff	; 255
   10F5 00                 4408 	.db #0x00	; 0
   10F6 00                 4409 	.db #0x00	; 0
   10F7 00                 4410 	.db #0x00	; 0
   10F8 00                 4411 	.db #0x00	; 0
   10F9 C0                 4412 	.db #0xc0	; 192
   10FA 00                 4413 	.db #0x00	; 0
   10FB 00                 4414 	.db #0x00	; 0
   10FC 00                 4415 	.db #0x00	; 0
   10FD 00                 4416 	.db #0x00	; 0
   10FE 00                 4417 	.db #0x00	; 0
   10FF 08                 4418 	.db #0x08	; 8
   1100 FF                 4419 	.db #0xff	; 255
   1101 00                 4420 	.db #0x00	; 0
   1102 AA                 4421 	.db #0xaa	; 170
   1103 00                 4422 	.db #0x00	; 0
   1104 55                 4423 	.db #0x55	; 85	'U'
   1105 00                 4424 	.db #0x00	; 0
   1106 00                 4425 	.db #0x00	; 0
   1107 80                 4426 	.db #0x80	; 128
   1108 00                 4427 	.db #0x00	; 0
   1109 0C                 4428 	.db #0x0c	; 12
   110A 00                 4429 	.db #0x00	; 0
   110B C0                 4430 	.db #0xc0	; 192
   110C 00                 4431 	.db #0x00	; 0
   110D 00                 4432 	.db #0x00	; 0
   110E FF                 4433 	.db #0xff	; 255
   110F 00                 4434 	.db #0x00	; 0
   1110 FF                 4435 	.db #0xff	; 255
   1111 00                 4436 	.db #0x00	; 0
   1112 FF                 4437 	.db #0xff	; 255
   1113 00                 4438 	.db #0x00	; 0
   1114 00                 4439 	.db #0x00	; 0
   1115 00                 4440 	.db #0x00	; 0
   1116 00                 4441 	.db #0x00	; 0
   1117 0C                 4442 	.db #0x0c	; 12
   1118 00                 4443 	.db #0x00	; 0
   1119 80                 4444 	.db #0x80	; 128
   111A 00                 4445 	.db #0x00	; 0
   111B 00                 4446 	.db #0x00	; 0
   111C FF                 4447 	.db #0xff	; 255
   111D 00                 4448 	.db #0x00	; 0
   111E FF                 4449 	.db #0xff	; 255
   111F 00                 4450 	.db #0x00	; 0
   1120 FF                 4451 	.db #0xff	; 255
   1121 00                 4452 	.db #0x00	; 0
   1122 AA                 4453 	.db #0xaa	; 170
   1123 00                 4454 	.db #0x00	; 0
   1124 00                 4455 	.db #0x00	; 0
   1125 00                 4456 	.db #0x00	; 0
   1126 00                 4457 	.db #0x00	; 0
   1127 00                 4458 	.db #0x00	; 0
   1128 00                 4459 	.db #0x00	; 0
   1129 00                 4460 	.db #0x00	; 0
   112A FF                 4461 	.db #0xff	; 255
   112B 00                 4462 	.db #0x00	; 0
   112C FF                 4463 	.db #0xff	; 255
   112D 00                 4464 	.db #0x00	; 0
   112E FF                 4465 	.db #0xff	; 255
   112F 00                 4466 	.db #0x00	; 0
   1130 FF                 4467 	.db #0xff	; 255
   1131 00                 4468 	.db #0x00	; 0
   1132 AA                 4469 	.db #0xaa	; 170
   1133 00                 4470 	.db #0x00	; 0
   1134 00                 4471 	.db #0x00	; 0
   1135 04                 4472 	.db #0x04	; 4
   1136 00                 4473 	.db #0x00	; 0
   1137 00                 4474 	.db #0x00	; 0
   1138 FF                 4475 	.db #0xff	; 255
   1139 00                 4476 	.db #0x00	; 0
   113A FF                 4477 	.db #0xff	; 255
   113B 00                 4478 	.db #0x00	; 0
   113C FF                 4479 	.db #0xff	; 255
   113D 00                 4480 	.db #0x00	; 0
   113E FF                 4481 	.db #0xff	; 255
   113F 00                 4482 	.db #0x00	; 0
   1140 00                 4483 	.db #0x00	; 0
   1141 04                 4484 	.db #0x04	; 4
   1142 00                 4485 	.db #0x00	; 0
   1143 04                 4486 	.db #0x04	; 4
   1144 00                 4487 	.db #0x00	; 0
   1145 00                 4488 	.db #0x00	; 0
   1146 FF                 4489 	.db #0xff	; 255
   1147 00                 4490 	.db #0x00	; 0
   1148 FF                 4491 	.db #0xff	; 255
   1149 00                 4492 	.db #0x00	; 0
   114A FF                 4493 	.db #0xff	; 255
   114B 00                 4494 	.db #0x00	; 0
   114C AA                 4495 	.db #0xaa	; 170
   114D 00                 4496 	.db #0x00	; 0
   114E 00                 4497 	.db #0x00	; 0
   114F 0C                 4498 	.db #0x0c	; 12
   1150 00                 4499 	.db #0x00	; 0
   1151 04                 4500 	.db #0x04	; 4
   1152 00                 4501 	.db #0x00	; 0
   1153 00                 4502 	.db #0x00	; 0
   1154 FF                 4503 	.db #0xff	; 255
   1155 00                 4504 	.db #0x00	; 0
   1156 FF                 4505 	.db #0xff	; 255
   1157 00                 4506 	.db #0x00	; 0
   1158 FF                 4507 	.db #0xff	; 255
   1159 00                 4508 	.db #0x00	; 0
   115A 00                 4509 	.db #0x00	; 0
   115B 00                 4510 	.db #0x00	; 0
   115C 00                 4511 	.db #0x00	; 0
   115D 08                 4512 	.db #0x08	; 8
   115E 00                 4513 	.db #0x00	; 0
   115F 04                 4514 	.db #0x04	; 4
   1160 00                 4515 	.db #0x00	; 0
   1161 00                 4516 	.db #0x00	; 0
   1162 FF                 4517 	.db #0xff	; 255
   1163 00                 4518 	.db #0x00	; 0
   1164 FF                 4519 	.db #0xff	; 255
   1165 00                 4520 	.db #0x00	; 0
   1166 AA                 4521 	.db #0xaa	; 170
   1167 50                 4522 	.db #0x50	; 80	'P'
   1168 00                 4523 	.db #0x00	; 0
   1169 C0                 4524 	.db #0xc0	; 192
   116A 55                 4525 	.db #0x55	; 85	'U'
   116B 00                 4526 	.db #0x00	; 0
   116C 00                 4527 	.db #0x00	; 0
   116D 04                 4528 	.db #0x04	; 4
   116E 00                 4529 	.db #0x00	; 0
   116F 00                 4530 	.db #0x00	; 0
   1170 FF                 4531 	.db #0xff	; 255
   1171 00                 4532 	.db #0x00	; 0
   1172 FF                 4533 	.db #0xff	; 255
   1173 00                 4534 	.db #0x00	; 0
   1174 FF                 4535 	.db #0xff	; 255
   1175 00                 4536 	.db #0x00	; 0
   1176 FF                 4537 	.db #0xff	; 255
   1177 00                 4538 	.db #0x00	; 0
   1178 AA                 4539 	.db #0xaa	; 170
   1179 50                 4540 	.db #0x50	; 80	'P'
   117A 00                 4541 	.db #0x00	; 0
   117B C0                 4542 	.db #0xc0	; 192
   117C 00                 4543 	.db #0x00	; 0
   117D 80                 4544 	.db #0x80	; 128
   117E FF                 4545 	.db #0xff	; 255
   117F 00                 4546 	.db #0x00	; 0
   1180                    4547 _g_blast:
   1180 FF                 4548 	.db #0xff	; 255
   1181 00                 4549 	.db #0x00	; 0
   1182 FF                 4550 	.db #0xff	; 255
   1183 00                 4551 	.db #0x00	; 0
   1184 FF                 4552 	.db #0xff	; 255
   1185 00                 4553 	.db #0x00	; 0
   1186 FF                 4554 	.db #0xff	; 255
   1187 00                 4555 	.db #0x00	; 0
   1188 FF                 4556 	.db #0xff	; 255
   1189 00                 4557 	.db #0x00	; 0
   118A FF                 4558 	.db #0xff	; 255
   118B 00                 4559 	.db #0x00	; 0
   118C FF                 4560 	.db #0xff	; 255
   118D 00                 4561 	.db #0x00	; 0
   118E FF                 4562 	.db #0xff	; 255
   118F 00                 4563 	.db #0x00	; 0
   1190 FF                 4564 	.db #0xff	; 255
   1191 00                 4565 	.db #0x00	; 0
   1192 FF                 4566 	.db #0xff	; 255
   1193 00                 4567 	.db #0x00	; 0
   1194 FF                 4568 	.db #0xff	; 255
   1195 00                 4569 	.db #0x00	; 0
   1196 FF                 4570 	.db #0xff	; 255
   1197 00                 4571 	.db #0x00	; 0
   1198 FF                 4572 	.db #0xff	; 255
   1199 00                 4573 	.db #0x00	; 0
   119A FF                 4574 	.db #0xff	; 255
   119B 00                 4575 	.db #0x00	; 0
   119C FF                 4576 	.db #0xff	; 255
   119D 00                 4577 	.db #0x00	; 0
   119E FF                 4578 	.db #0xff	; 255
   119F 00                 4579 	.db #0x00	; 0
   11A0 FF                 4580 	.db #0xff	; 255
   11A1 00                 4581 	.db #0x00	; 0
   11A2 FF                 4582 	.db #0xff	; 255
   11A3 00                 4583 	.db #0x00	; 0
   11A4 FF                 4584 	.db #0xff	; 255
   11A5 00                 4585 	.db #0x00	; 0
   11A6 FF                 4586 	.db #0xff	; 255
   11A7 00                 4587 	.db #0x00	; 0
   11A8 55                 4588 	.db #0x55	; 85	'U'
   11A9 0A                 4589 	.db #0x0a	; 10
   11AA FF                 4590 	.db #0xff	; 255
   11AB 00                 4591 	.db #0x00	; 0
   11AC FF                 4592 	.db #0xff	; 255
   11AD 00                 4593 	.db #0x00	; 0
   11AE FF                 4594 	.db #0xff	; 255
   11AF 00                 4595 	.db #0x00	; 0
   11B0 FF                 4596 	.db #0xff	; 255
   11B1 00                 4597 	.db #0x00	; 0
   11B2 FF                 4598 	.db #0xff	; 255
   11B3 00                 4599 	.db #0x00	; 0
   11B4 FF                 4600 	.db #0xff	; 255
   11B5 00                 4601 	.db #0x00	; 0
   11B6 55                 4602 	.db #0x55	; 85	'U'
   11B7 0A                 4603 	.db #0x0a	; 10
   11B8 FF                 4604 	.db #0xff	; 255
   11B9 00                 4605 	.db #0x00	; 0
   11BA FF                 4606 	.db #0xff	; 255
   11BB 00                 4607 	.db #0x00	; 0
   11BC AA                 4608 	.db #0xaa	; 170
   11BD 05                 4609 	.db #0x05	; 5
   11BE FF                 4610 	.db #0xff	; 255
   11BF 00                 4611 	.db #0x00	; 0
   11C0 FF                 4612 	.db #0xff	; 255
   11C1 00                 4613 	.db #0x00	; 0
   11C2 AA                 4614 	.db #0xaa	; 170
   11C3 05                 4615 	.db #0x05	; 5
   11C4 FF                 4616 	.db #0xff	; 255
   11C5 00                 4617 	.db #0x00	; 0
   11C6 FF                 4618 	.db #0xff	; 255
   11C7 00                 4619 	.db #0x00	; 0
   11C8 55                 4620 	.db #0x55	; 85	'U'
   11C9 0A                 4621 	.db #0x0a	; 10
   11CA AA                 4622 	.db #0xaa	; 170
   11CB 05                 4623 	.db #0x05	; 5
   11CC FF                 4624 	.db #0xff	; 255
   11CD 00                 4625 	.db #0x00	; 0
   11CE FF                 4626 	.db #0xff	; 255
   11CF 00                 4627 	.db #0x00	; 0
   11D0 AA                 4628 	.db #0xaa	; 170
   11D1 05                 4629 	.db #0x05	; 5
   11D2 FF                 4630 	.db #0xff	; 255
   11D3 00                 4631 	.db #0x00	; 0
   11D4 FF                 4632 	.db #0xff	; 255
   11D5 00                 4633 	.db #0x00	; 0
   11D6 55                 4634 	.db #0x55	; 85	'U'
   11D7 0A                 4635 	.db #0x0a	; 10
   11D8 AA                 4636 	.db #0xaa	; 170
   11D9 05                 4637 	.db #0x05	; 5
   11DA 55                 4638 	.db #0x55	; 85	'U'
   11DB 0A                 4639 	.db #0x0a	; 10
   11DC FF                 4640 	.db #0xff	; 255
   11DD 00                 4641 	.db #0x00	; 0
   11DE 00                 4642 	.db #0x00	; 0
   11DF 1B                 4643 	.db #0x1b	; 27
   11E0 FF                 4644 	.db #0xff	; 255
   11E1 00                 4645 	.db #0x00	; 0
   11E2 FF                 4646 	.db #0xff	; 255
   11E3 00                 4647 	.db #0x00	; 0
   11E4 AA                 4648 	.db #0xaa	; 170
   11E5 05                 4649 	.db #0x05	; 5
   11E6 FF                 4650 	.db #0xff	; 255
   11E7 00                 4651 	.db #0x00	; 0
   11E8 55                 4652 	.db #0x55	; 85	'U'
   11E9 22                 4653 	.db #0x22	; 34
   11EA 55                 4654 	.db #0x55	; 85	'U'
   11EB 0A                 4655 	.db #0x0a	; 10
   11EC 00                 4656 	.db #0x00	; 0
   11ED 0F                 4657 	.db #0x0f	; 15
   11EE FF                 4658 	.db #0xff	; 255
   11EF 00                 4659 	.db #0x00	; 0
   11F0 FF                 4660 	.db #0xff	; 255
   11F1 00                 4661 	.db #0x00	; 0
   11F2 AA                 4662 	.db #0xaa	; 170
   11F3 05                 4663 	.db #0x05	; 5
   11F4 55                 4664 	.db #0x55	; 85	'U'
   11F5 0A                 4665 	.db #0x0a	; 10
   11F6 00                 4666 	.db #0x00	; 0
   11F7 07                 4667 	.db #0x07	; 7
   11F8 00                 4668 	.db #0x00	; 0
   11F9 0F                 4669 	.db #0x0f	; 15
   11FA 00                 4670 	.db #0x00	; 0
   11FB 07                 4671 	.db #0x07	; 7
   11FC FF                 4672 	.db #0xff	; 255
   11FD 00                 4673 	.db #0x00	; 0
   11FE FF                 4674 	.db #0xff	; 255
   11FF 00                 4675 	.db #0x00	; 0
   1200 AA                 4676 	.db #0xaa	; 170
   1201 05                 4677 	.db #0x05	; 5
   1202 55                 4678 	.db #0x55	; 85	'U'
   1203 02                 4679 	.db #0x02	; 2
   1204 00                 4680 	.db #0x00	; 0
   1205 07                 4681 	.db #0x07	; 7
   1206 00                 4682 	.db #0x00	; 0
   1207 07                 4683 	.db #0x07	; 7
   1208 00                 4684 	.db #0x00	; 0
   1209 07                 4685 	.db #0x07	; 7
   120A FF                 4686 	.db #0xff	; 255
   120B 00                 4687 	.db #0x00	; 0
   120C FF                 4688 	.db #0xff	; 255
   120D 00                 4689 	.db #0x00	; 0
   120E AA                 4690 	.db #0xaa	; 170
   120F 05                 4691 	.db #0x05	; 5
   1210 00                 4692 	.db #0x00	; 0
   1211 03                 4693 	.db #0x03	; 3
   1212 00                 4694 	.db #0x00	; 0
   1213 03                 4695 	.db #0x03	; 3
   1214 00                 4696 	.db #0x00	; 0
   1215 03                 4697 	.db #0x03	; 3
   1216 55                 4698 	.db #0x55	; 85	'U'
   1217 02                 4699 	.db #0x02	; 2
   1218 55                 4700 	.db #0x55	; 85	'U'
   1219 0A                 4701 	.db #0x0a	; 10
   121A FF                 4702 	.db #0xff	; 255
   121B 00                 4703 	.db #0x00	; 0
   121C FF                 4704 	.db #0xff	; 255
   121D 00                 4705 	.db #0x00	; 0
   121E 00                 4706 	.db #0x00	; 0
   121F 0B                 4707 	.db #0x0b	; 11
   1220 00                 4708 	.db #0x00	; 0
   1221 0B                 4709 	.db #0x0b	; 11
   1222 00                 4710 	.db #0x00	; 0
   1223 03                 4711 	.db #0x03	; 3
   1224 00                 4712 	.db #0x00	; 0
   1225 03                 4713 	.db #0x03	; 3
   1226 FF                 4714 	.db #0xff	; 255
   1227 00                 4715 	.db #0x00	; 0
   1228 FF                 4716 	.db #0xff	; 255
   1229 00                 4717 	.db #0x00	; 0
   122A FF                 4718 	.db #0xff	; 255
   122B 00                 4719 	.db #0x00	; 0
   122C 00                 4720 	.db #0x00	; 0
   122D 0B                 4721 	.db #0x0b	; 11
   122E 00                 4722 	.db #0x00	; 0
   122F 03                 4723 	.db #0x03	; 3
   1230 00                 4724 	.db #0x00	; 0
   1231 03                 4725 	.db #0x03	; 3
   1232 00                 4726 	.db #0x00	; 0
   1233 07                 4727 	.db #0x07	; 7
   1234 FF                 4728 	.db #0xff	; 255
   1235 00                 4729 	.db #0x00	; 0
   1236 FF                 4730 	.db #0xff	; 255
   1237 00                 4731 	.db #0x00	; 0
   1238 FF                 4732 	.db #0xff	; 255
   1239 00                 4733 	.db #0x00	; 0
   123A 00                 4734 	.db #0x00	; 0
   123B 0B                 4735 	.db #0x0b	; 11
   123C 00                 4736 	.db #0x00	; 0
   123D 03                 4737 	.db #0x03	; 3
   123E 00                 4738 	.db #0x00	; 0
   123F 03                 4739 	.db #0x03	; 3
   1240 00                 4740 	.db #0x00	; 0
   1241 07                 4741 	.db #0x07	; 7
   1242 55                 4742 	.db #0x55	; 85	'U'
   1243 0A                 4743 	.db #0x0a	; 10
   1244 FF                 4744 	.db #0xff	; 255
   1245 00                 4745 	.db #0x00	; 0
   1246 AA                 4746 	.db #0xaa	; 170
   1247 05                 4747 	.db #0x05	; 5
   1248 00                 4748 	.db #0x00	; 0
   1249 0B                 4749 	.db #0x0b	; 11
   124A 00                 4750 	.db #0x00	; 0
   124B 03                 4751 	.db #0x03	; 3
   124C 00                 4752 	.db #0x00	; 0
   124D 03                 4753 	.db #0x03	; 3
   124E 00                 4754 	.db #0x00	; 0
   124F 03                 4755 	.db #0x03	; 3
   1250 55                 4756 	.db #0x55	; 85	'U'
   1251 0A                 4757 	.db #0x0a	; 10
   1252 FF                 4758 	.db #0xff	; 255
   1253 00                 4759 	.db #0x00	; 0
   1254 00                 4760 	.db #0x00	; 0
   1255 0F                 4761 	.db #0x0f	; 15
   1256 00                 4762 	.db #0x00	; 0
   1257 03                 4763 	.db #0x03	; 3
   1258 00                 4764 	.db #0x00	; 0
   1259 03                 4765 	.db #0x03	; 3
   125A 00                 4766 	.db #0x00	; 0
   125B 03                 4767 	.db #0x03	; 3
   125C 00                 4768 	.db #0x00	; 0
   125D 07                 4769 	.db #0x07	; 7
   125E 55                 4770 	.db #0x55	; 85	'U'
   125F 0A                 4771 	.db #0x0a	; 10
   1260 FF                 4772 	.db #0xff	; 255
   1261 00                 4773 	.db #0x00	; 0
   1262 AA                 4774 	.db #0xaa	; 170
   1263 05                 4775 	.db #0x05	; 5
   1264 00                 4776 	.db #0x00	; 0
   1265 03                 4777 	.db #0x03	; 3
   1266 00                 4778 	.db #0x00	; 0
   1267 03                 4779 	.db #0x03	; 3
   1268 00                 4780 	.db #0x00	; 0
   1269 03                 4781 	.db #0x03	; 3
   126A 00                 4782 	.db #0x00	; 0
   126B 03                 4783 	.db #0x03	; 3
   126C 00                 4784 	.db #0x00	; 0
   126D 0F                 4785 	.db #0x0f	; 15
   126E FF                 4786 	.db #0xff	; 255
   126F 00                 4787 	.db #0x00	; 0
   1270 AA                 4788 	.db #0xaa	; 170
   1271 05                 4789 	.db #0x05	; 5
   1272 00                 4790 	.db #0x00	; 0
   1273 0B                 4791 	.db #0x0b	; 11
   1274 00                 4792 	.db #0x00	; 0
   1275 03                 4793 	.db #0x03	; 3
   1276 00                 4794 	.db #0x00	; 0
   1277 03                 4795 	.db #0x03	; 3
   1278 00                 4796 	.db #0x00	; 0
   1279 07                 4797 	.db #0x07	; 7
   127A 55                 4798 	.db #0x55	; 85	'U'
   127B 0A                 4799 	.db #0x0a	; 10
   127C FF                 4800 	.db #0xff	; 255
   127D 00                 4801 	.db #0x00	; 0
   127E AA                 4802 	.db #0xaa	; 170
   127F 05                 4803 	.db #0x05	; 5
   1280 00                 4804 	.db #0x00	; 0
   1281 03                 4805 	.db #0x03	; 3
   1282 00                 4806 	.db #0x00	; 0
   1283 03                 4807 	.db #0x03	; 3
   1284 00                 4808 	.db #0x00	; 0
   1285 03                 4809 	.db #0x03	; 3
   1286 00                 4810 	.db #0x00	; 0
   1287 03                 4811 	.db #0x03	; 3
   1288 55                 4812 	.db #0x55	; 85	'U'
   1289 0A                 4813 	.db #0x0a	; 10
   128A FF                 4814 	.db #0xff	; 255
   128B 00                 4815 	.db #0x00	; 0
   128C 00                 4816 	.db #0x00	; 0
   128D 0B                 4817 	.db #0x0b	; 11
   128E 00                 4818 	.db #0x00	; 0
   128F 07                 4819 	.db #0x07	; 7
   1290 00                 4820 	.db #0x00	; 0
   1291 03                 4821 	.db #0x03	; 3
   1292 00                 4822 	.db #0x00	; 0
   1293 03                 4823 	.db #0x03	; 3
   1294 00                 4824 	.db #0x00	; 0
   1295 03                 4825 	.db #0x03	; 3
   1296 55                 4826 	.db #0x55	; 85	'U'
   1297 22                 4827 	.db #0x22	; 34
   1298 FF                 4828 	.db #0xff	; 255
   1299 00                 4829 	.db #0x00	; 0
   129A 00                 4830 	.db #0x00	; 0
   129B 0F                 4831 	.db #0x0f	; 15
   129C 00                 4832 	.db #0x00	; 0
   129D 0B                 4833 	.db #0x0b	; 11
   129E 00                 4834 	.db #0x00	; 0
   129F 03                 4835 	.db #0x03	; 3
   12A0 00                 4836 	.db #0x00	; 0
   12A1 03                 4837 	.db #0x03	; 3
   12A2 00                 4838 	.db #0x00	; 0
   12A3 33                 4839 	.db #0x33	; 51	'3'
   12A4 00                 4840 	.db #0x00	; 0
   12A5 07                 4841 	.db #0x07	; 7
   12A6 FF                 4842 	.db #0xff	; 255
   12A7 00                 4843 	.db #0x00	; 0
   12A8 FF                 4844 	.db #0xff	; 255
   12A9 00                 4845 	.db #0x00	; 0
   12AA 00                 4846 	.db #0x00	; 0
   12AB 0B                 4847 	.db #0x0b	; 11
   12AC 00                 4848 	.db #0x00	; 0
   12AD 03                 4849 	.db #0x03	; 3
   12AE 00                 4850 	.db #0x00	; 0
   12AF 03                 4851 	.db #0x03	; 3
   12B0 55                 4852 	.db #0x55	; 85	'U'
   12B1 02                 4853 	.db #0x02	; 2
   12B2 00                 4854 	.db #0x00	; 0
   12B3 1B                 4855 	.db #0x1b	; 27
   12B4 FF                 4856 	.db #0xff	; 255
   12B5 00                 4857 	.db #0x00	; 0
   12B6 FF                 4858 	.db #0xff	; 255
   12B7 00                 4859 	.db #0x00	; 0
   12B8 00                 4860 	.db #0x00	; 0
   12B9 0B                 4861 	.db #0x0b	; 11
   12BA 00                 4862 	.db #0x00	; 0
   12BB 13                 4863 	.db #0x13	; 19
   12BC 00                 4864 	.db #0x00	; 0
   12BD 07                 4865 	.db #0x07	; 7
   12BE 55                 4866 	.db #0x55	; 85	'U'
   12BF 02                 4867 	.db #0x02	; 2
   12C0 FF                 4868 	.db #0xff	; 255
   12C1 00                 4869 	.db #0x00	; 0
   12C2 FF                 4870 	.db #0xff	; 255
   12C3 00                 4871 	.db #0x00	; 0
   12C4 FF                 4872 	.db #0xff	; 255
   12C5 00                 4873 	.db #0x00	; 0
   12C6 00                 4874 	.db #0x00	; 0
   12C7 07                 4875 	.db #0x07	; 7
   12C8 00                 4876 	.db #0x00	; 0
   12C9 07                 4877 	.db #0x07	; 7
   12CA 00                 4878 	.db #0x00	; 0
   12CB 0F                 4879 	.db #0x0f	; 15
   12CC 55                 4880 	.db #0x55	; 85	'U'
   12CD 22                 4881 	.db #0x22	; 34
   12CE FF                 4882 	.db #0xff	; 255
   12CF 00                 4883 	.db #0x00	; 0
   12D0 FF                 4884 	.db #0xff	; 255
   12D1 00                 4885 	.db #0x00	; 0
   12D2 AA                 4886 	.db #0xaa	; 170
   12D3 05                 4887 	.db #0x05	; 5
   12D4 55                 4888 	.db #0x55	; 85	'U'
   12D5 02                 4889 	.db #0x02	; 2
   12D6 00                 4890 	.db #0x00	; 0
   12D7 0F                 4891 	.db #0x0f	; 15
   12D8 00                 4892 	.db #0x00	; 0
   12D9 0F                 4893 	.db #0x0f	; 15
   12DA 00                 4894 	.db #0x00	; 0
   12DB 0F                 4895 	.db #0x0f	; 15
   12DC FF                 4896 	.db #0xff	; 255
   12DD 00                 4897 	.db #0x00	; 0
   12DE FF                 4898 	.db #0xff	; 255
   12DF 00                 4899 	.db #0x00	; 0
   12E0 AA                 4900 	.db #0xaa	; 170
   12E1 05                 4901 	.db #0x05	; 5
   12E2 55                 4902 	.db #0x55	; 85	'U'
   12E3 0A                 4903 	.db #0x0a	; 10
   12E4 00                 4904 	.db #0x00	; 0
   12E5 0F                 4905 	.db #0x0f	; 15
   12E6 FF                 4906 	.db #0xff	; 255
   12E7 00                 4907 	.db #0x00	; 0
   12E8 AA                 4908 	.db #0xaa	; 170
   12E9 05                 4909 	.db #0x05	; 5
   12EA FF                 4910 	.db #0xff	; 255
   12EB 00                 4911 	.db #0x00	; 0
   12EC FF                 4912 	.db #0xff	; 255
   12ED 00                 4913 	.db #0x00	; 0
   12EE AA                 4914 	.db #0xaa	; 170
   12EF 05                 4915 	.db #0x05	; 5
   12F0 FF                 4916 	.db #0xff	; 255
   12F1 00                 4917 	.db #0x00	; 0
   12F2 AA                 4918 	.db #0xaa	; 170
   12F3 05                 4919 	.db #0x05	; 5
   12F4 FF                 4920 	.db #0xff	; 255
   12F5 00                 4921 	.db #0x00	; 0
   12F6 FF                 4922 	.db #0xff	; 255
   12F7 00                 4923 	.db #0x00	; 0
   12F8 FF                 4924 	.db #0xff	; 255
   12F9 00                 4925 	.db #0x00	; 0
   12FA FF                 4926 	.db #0xff	; 255
   12FB 00                 4927 	.db #0x00	; 0
   12FC 55                 4928 	.db #0x55	; 85	'U'
   12FD 0A                 4929 	.db #0x0a	; 10
   12FE FF                 4930 	.db #0xff	; 255
   12FF 00                 4931 	.db #0x00	; 0
   1300 AA                 4932 	.db #0xaa	; 170
   1301 05                 4933 	.db #0x05	; 5
   1302 FF                 4934 	.db #0xff	; 255
   1303 00                 4935 	.db #0x00	; 0
   1304 FF                 4936 	.db #0xff	; 255
   1305 00                 4937 	.db #0x00	; 0
   1306 FF                 4938 	.db #0xff	; 255
   1307 00                 4939 	.db #0x00	; 0
   1308 FF                 4940 	.db #0xff	; 255
   1309 00                 4941 	.db #0x00	; 0
   130A 55                 4942 	.db #0x55	; 85	'U'
   130B 0A                 4943 	.db #0x0a	; 10
   130C FF                 4944 	.db #0xff	; 255
   130D 00                 4945 	.db #0x00	; 0
   130E AA                 4946 	.db #0xaa	; 170
   130F 05                 4947 	.db #0x05	; 5
   1310 FF                 4948 	.db #0xff	; 255
   1311 00                 4949 	.db #0x00	; 0
   1312 FF                 4950 	.db #0xff	; 255
   1313 00                 4951 	.db #0x00	; 0
   1314 FF                 4952 	.db #0xff	; 255
   1315 00                 4953 	.db #0x00	; 0
   1316 FF                 4954 	.db #0xff	; 255
   1317 00                 4955 	.db #0x00	; 0
   1318 FF                 4956 	.db #0xff	; 255
   1319 00                 4957 	.db #0x00	; 0
   131A FF                 4958 	.db #0xff	; 255
   131B 00                 4959 	.db #0x00	; 0
   131C AA                 4960 	.db #0xaa	; 170
   131D 05                 4961 	.db #0x05	; 5
   131E FF                 4962 	.db #0xff	; 255
   131F 00                 4963 	.db #0x00	; 0
   1320 FF                 4964 	.db #0xff	; 255
   1321 00                 4965 	.db #0x00	; 0
   1322 FF                 4966 	.db #0xff	; 255
   1323 00                 4967 	.db #0x00	; 0
   1324                    4968 _g_beer:
   1324 FF                 4969 	.db #0xff	; 255
   1325 00                 4970 	.db #0x00	; 0
   1326 AA                 4971 	.db #0xaa	; 170
   1327 01                 4972 	.db #0x01	; 1
   1328 AA                 4973 	.db #0xaa	; 170
   1329 01                 4974 	.db #0x01	; 1
   132A AA                 4975 	.db #0xaa	; 170
   132B 50                 4976 	.db #0x50	; 80	'P'
   132C FF                 4977 	.db #0xff	; 255
   132D 00                 4978 	.db #0x00	; 0
   132E AA                 4979 	.db #0xaa	; 170
   132F 01                 4980 	.db #0x01	; 1
   1330 55                 4981 	.db #0x55	; 85	'U'
   1331 02                 4982 	.db #0x02	; 2
   1332 55                 4983 	.db #0x55	; 85	'U'
   1333 22                 4984 	.db #0x22	; 34
   1334 FF                 4985 	.db #0xff	; 255
   1335 00                 4986 	.db #0x00	; 0
   1336 FF                 4987 	.db #0xff	; 255
   1337 00                 4988 	.db #0x00	; 0
   1338 00                 4989 	.db #0x00	; 0
   1339 27                 4990 	.db #0x27	; 39
   133A FF                 4991 	.db #0xff	; 255
   133B 00                 4992 	.db #0x00	; 0
   133C FF                 4993 	.db #0xff	; 255
   133D 00                 4994 	.db #0x00	; 0
   133E AA                 4995 	.db #0xaa	; 170
   133F 05                 4996 	.db #0x05	; 5
   1340 00                 4997 	.db #0x00	; 0
   1341 73                 4998 	.db #0x73	; 115	's'
   1342 FF                 4999 	.db #0xff	; 255
   1343 00                 5000 	.db #0x00	; 0
   1344 FF                 5001 	.db #0xff	; 255
   1345 00                 5002 	.db #0x00	; 0
   1346 00                 5003 	.db #0x00	; 0
   1347 5B                 5004 	.db #0x5b	; 91
   1348 00                 5005 	.db #0x00	; 0
   1349 1B                 5006 	.db #0x1b	; 27
   134A FF                 5007 	.db #0xff	; 255
   134B 00                 5008 	.db #0x00	; 0
   134C FF                 5009 	.db #0xff	; 255
   134D 00                 5010 	.db #0x00	; 0
   134E 00                 5011 	.db #0x00	; 0
   134F 5B                 5012 	.db #0x5b	; 91
   1350 55                 5013 	.db #0x55	; 85	'U'
   1351 0A                 5014 	.db #0x0a	; 10
   1352 FF                 5015 	.db #0xff	; 255
   1353 00                 5016 	.db #0x00	; 0
   1354 AA                 5017 	.db #0xaa	; 170
   1355 11                 5018 	.db #0x11	; 17
   1356 00                 5019 	.db #0x00	; 0
   1357 27                 5020 	.db #0x27	; 39
   1358 55                 5021 	.db #0x55	; 85	'U'
   1359 0A                 5022 	.db #0x0a	; 10
   135A FF                 5023 	.db #0xff	; 255
   135B 00                 5024 	.db #0x00	; 0
   135C 00                 5025 	.db #0x00	; 0
   135D 33                 5026 	.db #0x33	; 51	'3'
   135E 00                 5027 	.db #0x00	; 0
   135F 33                 5028 	.db #0x33	; 51	'3'
   1360 FF                 5029 	.db #0xff	; 255
   1361 00                 5030 	.db #0x00	; 0
   1362 FF                 5031 	.db #0xff	; 255
   1363 00                 5032 	.db #0x00	; 0
   1364 00                 5033 	.db #0x00	; 0
   1365 33                 5034 	.db #0x33	; 51	'3'
   1366 55                 5035 	.db #0x55	; 85	'U'
   1367 22                 5036 	.db #0x22	; 34
   1368 FF                 5037 	.db #0xff	; 255
   1369 00                 5038 	.db #0x00	; 0
   136A FF                 5039 	.db #0xff	; 255
   136B 00                 5040 	.db #0x00	; 0
   136C AA                 5041 	.db #0xaa	; 170
   136D 11                 5042 	.db #0x11	; 17
   136E 55                 5043 	.db #0x55	; 85	'U'
   136F 22                 5044 	.db #0x22	; 34
   1370 FF                 5045 	.db #0xff	; 255
   1371 00                 5046 	.db #0x00	; 0
   1372 FF                 5047 	.db #0xff	; 255
   1373 00                 5048 	.db #0x00	; 0
   1374 AA                 5049 	.db #0xaa	; 170
   1375 11                 5050 	.db #0x11	; 17
   1376 FF                 5051 	.db #0xff	; 255
   1377 00                 5052 	.db #0x00	; 0
   1378 FF                 5053 	.db #0xff	; 255
   1379 00                 5054 	.db #0x00	; 0
   137A FF                 5055 	.db #0xff	; 255
   137B 00                 5056 	.db #0x00	; 0
   137C                    5057 _g_beer_rev:
   137C 55                 5058 	.db #0x55	; 85	'U'
   137D A0                 5059 	.db #0xa0	; 160
   137E 55                 5060 	.db #0x55	; 85	'U'
   137F 02                 5061 	.db #0x02	; 2
   1380 55                 5062 	.db #0x55	; 85	'U'
   1381 02                 5063 	.db #0x02	; 2
   1382 FF                 5064 	.db #0xff	; 255
   1383 00                 5065 	.db #0x00	; 0
   1384 AA                 5066 	.db #0xaa	; 170
   1385 11                 5067 	.db #0x11	; 17
   1386 AA                 5068 	.db #0xaa	; 170
   1387 01                 5069 	.db #0x01	; 1
   1388 55                 5070 	.db #0x55	; 85	'U'
   1389 02                 5071 	.db #0x02	; 2
   138A FF                 5072 	.db #0xff	; 255
   138B 00                 5073 	.db #0x00	; 0
   138C FF                 5074 	.db #0xff	; 255
   138D 00                 5075 	.db #0x00	; 0
   138E 00                 5076 	.db #0x00	; 0
   138F 1B                 5077 	.db #0x1b	; 27
   1390 FF                 5078 	.db #0xff	; 255
   1391 00                 5079 	.db #0x00	; 0
   1392 FF                 5080 	.db #0xff	; 255
   1393 00                 5081 	.db #0x00	; 0
   1394 FF                 5082 	.db #0xff	; 255
   1395 00                 5083 	.db #0x00	; 0
   1396 00                 5084 	.db #0x00	; 0
   1397 B3                 5085 	.db #0xb3	; 179
   1398 55                 5086 	.db #0x55	; 85	'U'
   1399 0A                 5087 	.db #0x0a	; 10
   139A FF                 5088 	.db #0xff	; 255
   139B 00                 5089 	.db #0x00	; 0
   139C FF                 5090 	.db #0xff	; 255
   139D 00                 5091 	.db #0x00	; 0
   139E 00                 5092 	.db #0x00	; 0
   139F 27                 5093 	.db #0x27	; 39
   13A0 00                 5094 	.db #0x00	; 0
   13A1 A7                 5095 	.db #0xa7	; 167
   13A2 FF                 5096 	.db #0xff	; 255
   13A3 00                 5097 	.db #0x00	; 0
   13A4 FF                 5098 	.db #0xff	; 255
   13A5 00                 5099 	.db #0x00	; 0
   13A6 AA                 5100 	.db #0xaa	; 170
   13A7 05                 5101 	.db #0x05	; 5
   13A8 00                 5102 	.db #0x00	; 0
   13A9 A7                 5103 	.db #0xa7	; 167
   13AA FF                 5104 	.db #0xff	; 255
   13AB 00                 5105 	.db #0x00	; 0
   13AC FF                 5106 	.db #0xff	; 255
   13AD 00                 5107 	.db #0x00	; 0
   13AE AA                 5108 	.db #0xaa	; 170
   13AF 05                 5109 	.db #0x05	; 5
   13B0 00                 5110 	.db #0x00	; 0
   13B1 1B                 5111 	.db #0x1b	; 27
   13B2 55                 5112 	.db #0x55	; 85	'U'
   13B3 22                 5113 	.db #0x22	; 34
   13B4 FF                 5114 	.db #0xff	; 255
   13B5 00                 5115 	.db #0x00	; 0
   13B6 FF                 5116 	.db #0xff	; 255
   13B7 00                 5117 	.db #0x00	; 0
   13B8 00                 5118 	.db #0x00	; 0
   13B9 33                 5119 	.db #0x33	; 51	'3'
   13BA 00                 5120 	.db #0x00	; 0
   13BB 33                 5121 	.db #0x33	; 51	'3'
   13BC FF                 5122 	.db #0xff	; 255
   13BD 00                 5123 	.db #0x00	; 0
   13BE FF                 5124 	.db #0xff	; 255
   13BF 00                 5125 	.db #0x00	; 0
   13C0 AA                 5126 	.db #0xaa	; 170
   13C1 11                 5127 	.db #0x11	; 17
   13C2 00                 5128 	.db #0x00	; 0
   13C3 33                 5129 	.db #0x33	; 51	'3'
   13C4 FF                 5130 	.db #0xff	; 255
   13C5 00                 5131 	.db #0x00	; 0
   13C6 FF                 5132 	.db #0xff	; 255
   13C7 00                 5133 	.db #0x00	; 0
   13C8 AA                 5134 	.db #0xaa	; 170
   13C9 11                 5135 	.db #0x11	; 17
   13CA 55                 5136 	.db #0x55	; 85	'U'
   13CB 22                 5137 	.db #0x22	; 34
   13CC FF                 5138 	.db #0xff	; 255
   13CD 00                 5139 	.db #0x00	; 0
   13CE FF                 5140 	.db #0xff	; 255
   13CF 00                 5141 	.db #0x00	; 0
   13D0 FF                 5142 	.db #0xff	; 255
   13D1 00                 5143 	.db #0x00	; 0
   13D2 55                 5144 	.db #0x55	; 85	'U'
   13D3 22                 5145 	.db #0x22	; 34
   13D4                    5146 _g_logo:
   13D4 F0                 5147 	.db #0xf0	; 240
   13D5 F0                 5148 	.db #0xf0	; 240
   13D6 F0                 5149 	.db #0xf0	; 240
   13D7 F0                 5150 	.db #0xf0	; 240
   13D8 F0                 5151 	.db #0xf0	; 240
   13D9 F0                 5152 	.db #0xf0	; 240
   13DA F0                 5153 	.db #0xf0	; 240
   13DB F0                 5154 	.db #0xf0	; 240
   13DC F0                 5155 	.db #0xf0	; 240
   13DD F0                 5156 	.db #0xf0	; 240
   13DE F0                 5157 	.db #0xf0	; 240
   13DF F0                 5158 	.db #0xf0	; 240
   13E0 F0                 5159 	.db #0xf0	; 240
   13E1 F0                 5160 	.db #0xf0	; 240
   13E2 F0                 5161 	.db #0xf0	; 240
   13E3 F0                 5162 	.db #0xf0	; 240
   13E4 F0                 5163 	.db #0xf0	; 240
   13E5 F0                 5164 	.db #0xf0	; 240
   13E6 F0                 5165 	.db #0xf0	; 240
   13E7 F0                 5166 	.db #0xf0	; 240
   13E8 F0                 5167 	.db #0xf0	; 240
   13E9 F0                 5168 	.db #0xf0	; 240
   13EA F0                 5169 	.db #0xf0	; 240
   13EB F0                 5170 	.db #0xf0	; 240
   13EC F0                 5171 	.db #0xf0	; 240
   13ED F0                 5172 	.db #0xf0	; 240
   13EE F0                 5173 	.db #0xf0	; 240
   13EF F0                 5174 	.db #0xf0	; 240
   13F0 F0                 5175 	.db #0xf0	; 240
   13F1 F0                 5176 	.db #0xf0	; 240
   13F2 F0                 5177 	.db #0xf0	; 240
   13F3 F0                 5178 	.db #0xf0	; 240
   13F4 F0                 5179 	.db #0xf0	; 240
   13F5 F0                 5180 	.db #0xf0	; 240
   13F6 F0                 5181 	.db #0xf0	; 240
   13F7 F0                 5182 	.db #0xf0	; 240
   13F8 F0                 5183 	.db #0xf0	; 240
   13F9 F0                 5184 	.db #0xf0	; 240
   13FA F0                 5185 	.db #0xf0	; 240
   13FB F0                 5186 	.db #0xf0	; 240
   13FC F0                 5187 	.db #0xf0	; 240
   13FD F0                 5188 	.db #0xf0	; 240
   13FE F0                 5189 	.db #0xf0	; 240
   13FF F0                 5190 	.db #0xf0	; 240
   1400 F0                 5191 	.db #0xf0	; 240
   1401 F0                 5192 	.db #0xf0	; 240
   1402 F0                 5193 	.db #0xf0	; 240
   1403 F0                 5194 	.db #0xf0	; 240
   1404 F0                 5195 	.db #0xf0	; 240
   1405 F0                 5196 	.db #0xf0	; 240
   1406 F0                 5197 	.db #0xf0	; 240
   1407 F0                 5198 	.db #0xf0	; 240
   1408 F0                 5199 	.db #0xf0	; 240
   1409 F0                 5200 	.db #0xf0	; 240
   140A F0                 5201 	.db #0xf0	; 240
   140B F0                 5202 	.db #0xf0	; 240
   140C F0                 5203 	.db #0xf0	; 240
   140D F0                 5204 	.db #0xf0	; 240
   140E F0                 5205 	.db #0xf0	; 240
   140F F0                 5206 	.db #0xf0	; 240
   1410 F0                 5207 	.db #0xf0	; 240
   1411 F0                 5208 	.db #0xf0	; 240
   1412 F0                 5209 	.db #0xf0	; 240
   1413 F0                 5210 	.db #0xf0	; 240
   1414 F0                 5211 	.db #0xf0	; 240
   1415 F0                 5212 	.db #0xf0	; 240
   1416 F0                 5213 	.db #0xf0	; 240
   1417 F0                 5214 	.db #0xf0	; 240
   1418 F0                 5215 	.db #0xf0	; 240
   1419 F0                 5216 	.db #0xf0	; 240
   141A F0                 5217 	.db #0xf0	; 240
   141B F0                 5218 	.db #0xf0	; 240
   141C F0                 5219 	.db #0xf0	; 240
   141D F0                 5220 	.db #0xf0	; 240
   141E F0                 5221 	.db #0xf0	; 240
   141F F0                 5222 	.db #0xf0	; 240
   1420 F0                 5223 	.db #0xf0	; 240
   1421 F0                 5224 	.db #0xf0	; 240
   1422 F0                 5225 	.db #0xf0	; 240
   1423 F0                 5226 	.db #0xf0	; 240
   1424 F0                 5227 	.db #0xf0	; 240
   1425 F0                 5228 	.db #0xf0	; 240
   1426 F0                 5229 	.db #0xf0	; 240
   1427 F0                 5230 	.db #0xf0	; 240
   1428 F0                 5231 	.db #0xf0	; 240
   1429 F0                 5232 	.db #0xf0	; 240
   142A F0                 5233 	.db #0xf0	; 240
   142B F0                 5234 	.db #0xf0	; 240
   142C F0                 5235 	.db #0xf0	; 240
   142D F0                 5236 	.db #0xf0	; 240
   142E F0                 5237 	.db #0xf0	; 240
   142F F0                 5238 	.db #0xf0	; 240
   1430 F0                 5239 	.db #0xf0	; 240
   1431 F0                 5240 	.db #0xf0	; 240
   1432 F0                 5241 	.db #0xf0	; 240
   1433 F0                 5242 	.db #0xf0	; 240
   1434 F0                 5243 	.db #0xf0	; 240
   1435 F0                 5244 	.db #0xf0	; 240
   1436 F0                 5245 	.db #0xf0	; 240
   1437 F0                 5246 	.db #0xf0	; 240
   1438 F0                 5247 	.db #0xf0	; 240
   1439 F0                 5248 	.db #0xf0	; 240
   143A F0                 5249 	.db #0xf0	; 240
   143B F0                 5250 	.db #0xf0	; 240
   143C F0                 5251 	.db #0xf0	; 240
   143D F0                 5252 	.db #0xf0	; 240
   143E F0                 5253 	.db #0xf0	; 240
   143F F0                 5254 	.db #0xf0	; 240
   1440 F0                 5255 	.db #0xf0	; 240
   1441 F0                 5256 	.db #0xf0	; 240
   1442 F0                 5257 	.db #0xf0	; 240
   1443 F0                 5258 	.db #0xf0	; 240
   1444 F0                 5259 	.db #0xf0	; 240
   1445 F0                 5260 	.db #0xf0	; 240
   1446 F0                 5261 	.db #0xf0	; 240
   1447 F0                 5262 	.db #0xf0	; 240
   1448 F0                 5263 	.db #0xf0	; 240
   1449 F0                 5264 	.db #0xf0	; 240
   144A F0                 5265 	.db #0xf0	; 240
   144B F0                 5266 	.db #0xf0	; 240
   144C F0                 5267 	.db #0xf0	; 240
   144D F0                 5268 	.db #0xf0	; 240
   144E F0                 5269 	.db #0xf0	; 240
   144F F0                 5270 	.db #0xf0	; 240
   1450 F0                 5271 	.db #0xf0	; 240
   1451 F0                 5272 	.db #0xf0	; 240
   1452 F0                 5273 	.db #0xf0	; 240
   1453 F0                 5274 	.db #0xf0	; 240
   1454 F0                 5275 	.db #0xf0	; 240
   1455 F0                 5276 	.db #0xf0	; 240
   1456 F0                 5277 	.db #0xf0	; 240
   1457 F0                 5278 	.db #0xf0	; 240
   1458 F0                 5279 	.db #0xf0	; 240
   1459 F0                 5280 	.db #0xf0	; 240
   145A F0                 5281 	.db #0xf0	; 240
   145B F0                 5282 	.db #0xf0	; 240
   145C F0                 5283 	.db #0xf0	; 240
   145D F0                 5284 	.db #0xf0	; 240
   145E F0                 5285 	.db #0xf0	; 240
   145F F0                 5286 	.db #0xf0	; 240
   1460 F0                 5287 	.db #0xf0	; 240
   1461 F0                 5288 	.db #0xf0	; 240
   1462 F0                 5289 	.db #0xf0	; 240
   1463 F0                 5290 	.db #0xf0	; 240
   1464 F0                 5291 	.db #0xf0	; 240
   1465 F0                 5292 	.db #0xf0	; 240
   1466 F0                 5293 	.db #0xf0	; 240
   1467 F0                 5294 	.db #0xf0	; 240
   1468 F0                 5295 	.db #0xf0	; 240
   1469 F0                 5296 	.db #0xf0	; 240
   146A F0                 5297 	.db #0xf0	; 240
   146B F0                 5298 	.db #0xf0	; 240
   146C F0                 5299 	.db #0xf0	; 240
   146D F0                 5300 	.db #0xf0	; 240
   146E F0                 5301 	.db #0xf0	; 240
   146F F0                 5302 	.db #0xf0	; 240
   1470 F0                 5303 	.db #0xf0	; 240
   1471 E4                 5304 	.db #0xe4	; 228
   1472 F0                 5305 	.db #0xf0	; 240
   1473 F0                 5306 	.db #0xf0	; 240
   1474 F0                 5307 	.db #0xf0	; 240
   1475 F0                 5308 	.db #0xf0	; 240
   1476 F0                 5309 	.db #0xf0	; 240
   1477 F0                 5310 	.db #0xf0	; 240
   1478 F0                 5311 	.db #0xf0	; 240
   1479 F0                 5312 	.db #0xf0	; 240
   147A F0                 5313 	.db #0xf0	; 240
   147B F0                 5314 	.db #0xf0	; 240
   147C F0                 5315 	.db #0xf0	; 240
   147D F0                 5316 	.db #0xf0	; 240
   147E F0                 5317 	.db #0xf0	; 240
   147F F0                 5318 	.db #0xf0	; 240
   1480 F0                 5319 	.db #0xf0	; 240
   1481 F0                 5320 	.db #0xf0	; 240
   1482 F0                 5321 	.db #0xf0	; 240
   1483 F0                 5322 	.db #0xf0	; 240
   1484 F0                 5323 	.db #0xf0	; 240
   1485 F0                 5324 	.db #0xf0	; 240
   1486 F0                 5325 	.db #0xf0	; 240
   1487 F0                 5326 	.db #0xf0	; 240
   1488 F0                 5327 	.db #0xf0	; 240
   1489 F0                 5328 	.db #0xf0	; 240
   148A F0                 5329 	.db #0xf0	; 240
   148B F0                 5330 	.db #0xf0	; 240
   148C F0                 5331 	.db #0xf0	; 240
   148D F0                 5332 	.db #0xf0	; 240
   148E F0                 5333 	.db #0xf0	; 240
   148F F0                 5334 	.db #0xf0	; 240
   1490 F0                 5335 	.db #0xf0	; 240
   1491 E4                 5336 	.db #0xe4	; 228
   1492 F0                 5337 	.db #0xf0	; 240
   1493 F0                 5338 	.db #0xf0	; 240
   1494 F0                 5339 	.db #0xf0	; 240
   1495 F0                 5340 	.db #0xf0	; 240
   1496 F0                 5341 	.db #0xf0	; 240
   1497 F0                 5342 	.db #0xf0	; 240
   1498 F0                 5343 	.db #0xf0	; 240
   1499 F0                 5344 	.db #0xf0	; 240
   149A F0                 5345 	.db #0xf0	; 240
   149B F0                 5346 	.db #0xf0	; 240
   149C F0                 5347 	.db #0xf0	; 240
   149D F0                 5348 	.db #0xf0	; 240
   149E F0                 5349 	.db #0xf0	; 240
   149F F0                 5350 	.db #0xf0	; 240
   14A0 F0                 5351 	.db #0xf0	; 240
   14A1 F0                 5352 	.db #0xf0	; 240
   14A2 F0                 5353 	.db #0xf0	; 240
   14A3 F0                 5354 	.db #0xf0	; 240
   14A4 F0                 5355 	.db #0xf0	; 240
   14A5 F0                 5356 	.db #0xf0	; 240
   14A6 F0                 5357 	.db #0xf0	; 240
   14A7 F0                 5358 	.db #0xf0	; 240
   14A8 F0                 5359 	.db #0xf0	; 240
   14A9 F0                 5360 	.db #0xf0	; 240
   14AA F0                 5361 	.db #0xf0	; 240
   14AB F0                 5362 	.db #0xf0	; 240
   14AC F0                 5363 	.db #0xf0	; 240
   14AD F0                 5364 	.db #0xf0	; 240
   14AE F0                 5365 	.db #0xf0	; 240
   14AF F0                 5366 	.db #0xf0	; 240
   14B0 F0                 5367 	.db #0xf0	; 240
   14B1 E4                 5368 	.db #0xe4	; 228
   14B2 F0                 5369 	.db #0xf0	; 240
   14B3 F0                 5370 	.db #0xf0	; 240
   14B4 F0                 5371 	.db #0xf0	; 240
   14B5 F0                 5372 	.db #0xf0	; 240
   14B6 F0                 5373 	.db #0xf0	; 240
   14B7 F0                 5374 	.db #0xf0	; 240
   14B8 F0                 5375 	.db #0xf0	; 240
   14B9 F0                 5376 	.db #0xf0	; 240
   14BA F0                 5377 	.db #0xf0	; 240
   14BB F0                 5378 	.db #0xf0	; 240
   14BC F0                 5379 	.db #0xf0	; 240
   14BD F0                 5380 	.db #0xf0	; 240
   14BE F0                 5381 	.db #0xf0	; 240
   14BF F0                 5382 	.db #0xf0	; 240
   14C0 F0                 5383 	.db #0xf0	; 240
   14C1 F0                 5384 	.db #0xf0	; 240
   14C2 F0                 5385 	.db #0xf0	; 240
   14C3 F0                 5386 	.db #0xf0	; 240
   14C4 F0                 5387 	.db #0xf0	; 240
   14C5 F0                 5388 	.db #0xf0	; 240
   14C6 F0                 5389 	.db #0xf0	; 240
   14C7 F0                 5390 	.db #0xf0	; 240
   14C8 F0                 5391 	.db #0xf0	; 240
   14C9 F0                 5392 	.db #0xf0	; 240
   14CA F0                 5393 	.db #0xf0	; 240
   14CB F0                 5394 	.db #0xf0	; 240
   14CC F0                 5395 	.db #0xf0	; 240
   14CD F0                 5396 	.db #0xf0	; 240
   14CE F0                 5397 	.db #0xf0	; 240
   14CF F0                 5398 	.db #0xf0	; 240
   14D0 F0                 5399 	.db #0xf0	; 240
   14D1 D8                 5400 	.db #0xd8	; 216
   14D2 F0                 5401 	.db #0xf0	; 240
   14D3 F0                 5402 	.db #0xf0	; 240
   14D4 F0                 5403 	.db #0xf0	; 240
   14D5 F0                 5404 	.db #0xf0	; 240
   14D6 F0                 5405 	.db #0xf0	; 240
   14D7 F0                 5406 	.db #0xf0	; 240
   14D8 F0                 5407 	.db #0xf0	; 240
   14D9 F0                 5408 	.db #0xf0	; 240
   14DA F0                 5409 	.db #0xf0	; 240
   14DB F0                 5410 	.db #0xf0	; 240
   14DC F0                 5411 	.db #0xf0	; 240
   14DD F0                 5412 	.db #0xf0	; 240
   14DE F0                 5413 	.db #0xf0	; 240
   14DF F0                 5414 	.db #0xf0	; 240
   14E0 F0                 5415 	.db #0xf0	; 240
   14E1 F0                 5416 	.db #0xf0	; 240
   14E2 F0                 5417 	.db #0xf0	; 240
   14E3 F0                 5418 	.db #0xf0	; 240
   14E4 F0                 5419 	.db #0xf0	; 240
   14E5 F0                 5420 	.db #0xf0	; 240
   14E6 F0                 5421 	.db #0xf0	; 240
   14E7 F0                 5422 	.db #0xf0	; 240
   14E8 F0                 5423 	.db #0xf0	; 240
   14E9 F0                 5424 	.db #0xf0	; 240
   14EA F0                 5425 	.db #0xf0	; 240
   14EB F0                 5426 	.db #0xf0	; 240
   14EC F0                 5427 	.db #0xf0	; 240
   14ED F0                 5428 	.db #0xf0	; 240
   14EE F0                 5429 	.db #0xf0	; 240
   14EF F0                 5430 	.db #0xf0	; 240
   14F0 F0                 5431 	.db #0xf0	; 240
   14F1 D8                 5432 	.db #0xd8	; 216
   14F2 F0                 5433 	.db #0xf0	; 240
   14F3 F0                 5434 	.db #0xf0	; 240
   14F4 F0                 5435 	.db #0xf0	; 240
   14F5 F0                 5436 	.db #0xf0	; 240
   14F6 F0                 5437 	.db #0xf0	; 240
   14F7 F0                 5438 	.db #0xf0	; 240
   14F8 F0                 5439 	.db #0xf0	; 240
   14F9 F0                 5440 	.db #0xf0	; 240
   14FA F0                 5441 	.db #0xf0	; 240
   14FB F0                 5442 	.db #0xf0	; 240
   14FC F0                 5443 	.db #0xf0	; 240
   14FD F0                 5444 	.db #0xf0	; 240
   14FE F0                 5445 	.db #0xf0	; 240
   14FF F0                 5446 	.db #0xf0	; 240
   1500 F0                 5447 	.db #0xf0	; 240
   1501 F0                 5448 	.db #0xf0	; 240
   1502 F0                 5449 	.db #0xf0	; 240
   1503 F0                 5450 	.db #0xf0	; 240
   1504 F0                 5451 	.db #0xf0	; 240
   1505 F0                 5452 	.db #0xf0	; 240
   1506 F0                 5453 	.db #0xf0	; 240
   1507 F0                 5454 	.db #0xf0	; 240
   1508 F0                 5455 	.db #0xf0	; 240
   1509 F0                 5456 	.db #0xf0	; 240
   150A F0                 5457 	.db #0xf0	; 240
   150B F0                 5458 	.db #0xf0	; 240
   150C F0                 5459 	.db #0xf0	; 240
   150D F0                 5460 	.db #0xf0	; 240
   150E F0                 5461 	.db #0xf0	; 240
   150F F0                 5462 	.db #0xf0	; 240
   1510 F0                 5463 	.db #0xf0	; 240
   1511 F0                 5464 	.db #0xf0	; 240
   1512 F0                 5465 	.db #0xf0	; 240
   1513 E4                 5466 	.db #0xe4	; 228
   1514 F0                 5467 	.db #0xf0	; 240
   1515 F0                 5468 	.db #0xf0	; 240
   1516 F0                 5469 	.db #0xf0	; 240
   1517 F0                 5470 	.db #0xf0	; 240
   1518 F0                 5471 	.db #0xf0	; 240
   1519 F0                 5472 	.db #0xf0	; 240
   151A F0                 5473 	.db #0xf0	; 240
   151B F0                 5474 	.db #0xf0	; 240
   151C F0                 5475 	.db #0xf0	; 240
   151D F0                 5476 	.db #0xf0	; 240
   151E F0                 5477 	.db #0xf0	; 240
   151F F0                 5478 	.db #0xf0	; 240
   1520 F0                 5479 	.db #0xf0	; 240
   1521 F0                 5480 	.db #0xf0	; 240
   1522 F0                 5481 	.db #0xf0	; 240
   1523 F0                 5482 	.db #0xf0	; 240
   1524 F0                 5483 	.db #0xf0	; 240
   1525 F0                 5484 	.db #0xf0	; 240
   1526 F0                 5485 	.db #0xf0	; 240
   1527 F0                 5486 	.db #0xf0	; 240
   1528 F0                 5487 	.db #0xf0	; 240
   1529 F0                 5488 	.db #0xf0	; 240
   152A F0                 5489 	.db #0xf0	; 240
   152B F0                 5490 	.db #0xf0	; 240
   152C F0                 5491 	.db #0xf0	; 240
   152D F0                 5492 	.db #0xf0	; 240
   152E F0                 5493 	.db #0xf0	; 240
   152F F0                 5494 	.db #0xf0	; 240
   1530 F0                 5495 	.db #0xf0	; 240
   1531 D8                 5496 	.db #0xd8	; 216
   1532 F0                 5497 	.db #0xf0	; 240
   1533 E4                 5498 	.db #0xe4	; 228
   1534 F0                 5499 	.db #0xf0	; 240
   1535 F0                 5500 	.db #0xf0	; 240
   1536 F0                 5501 	.db #0xf0	; 240
   1537 F0                 5502 	.db #0xf0	; 240
   1538 F0                 5503 	.db #0xf0	; 240
   1539 F0                 5504 	.db #0xf0	; 240
   153A F0                 5505 	.db #0xf0	; 240
   153B F0                 5506 	.db #0xf0	; 240
   153C F0                 5507 	.db #0xf0	; 240
   153D F0                 5508 	.db #0xf0	; 240
   153E F0                 5509 	.db #0xf0	; 240
   153F F0                 5510 	.db #0xf0	; 240
   1540 F0                 5511 	.db #0xf0	; 240
   1541 F0                 5512 	.db #0xf0	; 240
   1542 F0                 5513 	.db #0xf0	; 240
   1543 F0                 5514 	.db #0xf0	; 240
   1544 F0                 5515 	.db #0xf0	; 240
   1545 F0                 5516 	.db #0xf0	; 240
   1546 F0                 5517 	.db #0xf0	; 240
   1547 F0                 5518 	.db #0xf0	; 240
   1548 F0                 5519 	.db #0xf0	; 240
   1549 F0                 5520 	.db #0xf0	; 240
   154A F0                 5521 	.db #0xf0	; 240
   154B F0                 5522 	.db #0xf0	; 240
   154C F0                 5523 	.db #0xf0	; 240
   154D F0                 5524 	.db #0xf0	; 240
   154E F0                 5525 	.db #0xf0	; 240
   154F F0                 5526 	.db #0xf0	; 240
   1550 F0                 5527 	.db #0xf0	; 240
   1551 D8                 5528 	.db #0xd8	; 216
   1552 F0                 5529 	.db #0xf0	; 240
   1553 F0                 5530 	.db #0xf0	; 240
   1554 F0                 5531 	.db #0xf0	; 240
   1555 F0                 5532 	.db #0xf0	; 240
   1556 F0                 5533 	.db #0xf0	; 240
   1557 F0                 5534 	.db #0xf0	; 240
   1558 F0                 5535 	.db #0xf0	; 240
   1559 F0                 5536 	.db #0xf0	; 240
   155A F0                 5537 	.db #0xf0	; 240
   155B F0                 5538 	.db #0xf0	; 240
   155C F0                 5539 	.db #0xf0	; 240
   155D F0                 5540 	.db #0xf0	; 240
   155E F0                 5541 	.db #0xf0	; 240
   155F F0                 5542 	.db #0xf0	; 240
   1560 F0                 5543 	.db #0xf0	; 240
   1561 F0                 5544 	.db #0xf0	; 240
   1562 F0                 5545 	.db #0xf0	; 240
   1563 F0                 5546 	.db #0xf0	; 240
   1564 F0                 5547 	.db #0xf0	; 240
   1565 F0                 5548 	.db #0xf0	; 240
   1566 F0                 5549 	.db #0xf0	; 240
   1567 F0                 5550 	.db #0xf0	; 240
   1568 F0                 5551 	.db #0xf0	; 240
   1569 F0                 5552 	.db #0xf0	; 240
   156A F0                 5553 	.db #0xf0	; 240
   156B F0                 5554 	.db #0xf0	; 240
   156C F0                 5555 	.db #0xf0	; 240
   156D F0                 5556 	.db #0xf0	; 240
   156E F0                 5557 	.db #0xf0	; 240
   156F F0                 5558 	.db #0xf0	; 240
   1570 F0                 5559 	.db #0xf0	; 240
   1571 D8                 5560 	.db #0xd8	; 216
   1572 F0                 5561 	.db #0xf0	; 240
   1573 D8                 5562 	.db #0xd8	; 216
   1574 F0                 5563 	.db #0xf0	; 240
   1575 F0                 5564 	.db #0xf0	; 240
   1576 F0                 5565 	.db #0xf0	; 240
   1577 F0                 5566 	.db #0xf0	; 240
   1578 F0                 5567 	.db #0xf0	; 240
   1579 F0                 5568 	.db #0xf0	; 240
   157A F0                 5569 	.db #0xf0	; 240
   157B F0                 5570 	.db #0xf0	; 240
   157C F0                 5571 	.db #0xf0	; 240
   157D F0                 5572 	.db #0xf0	; 240
   157E F0                 5573 	.db #0xf0	; 240
   157F F0                 5574 	.db #0xf0	; 240
   1580 F0                 5575 	.db #0xf0	; 240
   1581 F0                 5576 	.db #0xf0	; 240
   1582 F0                 5577 	.db #0xf0	; 240
   1583 F0                 5578 	.db #0xf0	; 240
   1584 F0                 5579 	.db #0xf0	; 240
   1585 F0                 5580 	.db #0xf0	; 240
   1586 F0                 5581 	.db #0xf0	; 240
   1587 F0                 5582 	.db #0xf0	; 240
   1588 F0                 5583 	.db #0xf0	; 240
   1589 F0                 5584 	.db #0xf0	; 240
   158A F0                 5585 	.db #0xf0	; 240
   158B F0                 5586 	.db #0xf0	; 240
   158C F0                 5587 	.db #0xf0	; 240
   158D F0                 5588 	.db #0xf0	; 240
   158E F0                 5589 	.db #0xf0	; 240
   158F F0                 5590 	.db #0xf0	; 240
   1590 F0                 5591 	.db #0xf0	; 240
   1591 F0                 5592 	.db #0xf0	; 240
   1592 E4                 5593 	.db #0xe4	; 228
   1593 D8                 5594 	.db #0xd8	; 216
   1594 F0                 5595 	.db #0xf0	; 240
   1595 F0                 5596 	.db #0xf0	; 240
   1596 F0                 5597 	.db #0xf0	; 240
   1597 F0                 5598 	.db #0xf0	; 240
   1598 F0                 5599 	.db #0xf0	; 240
   1599 F0                 5600 	.db #0xf0	; 240
   159A F0                 5601 	.db #0xf0	; 240
   159B F0                 5602 	.db #0xf0	; 240
   159C F0                 5603 	.db #0xf0	; 240
   159D F0                 5604 	.db #0xf0	; 240
   159E F0                 5605 	.db #0xf0	; 240
   159F F0                 5606 	.db #0xf0	; 240
   15A0 F0                 5607 	.db #0xf0	; 240
   15A1 F0                 5608 	.db #0xf0	; 240
   15A2 F0                 5609 	.db #0xf0	; 240
   15A3 F0                 5610 	.db #0xf0	; 240
   15A4 F0                 5611 	.db #0xf0	; 240
   15A5 F0                 5612 	.db #0xf0	; 240
   15A6 F0                 5613 	.db #0xf0	; 240
   15A7 F0                 5614 	.db #0xf0	; 240
   15A8 F0                 5615 	.db #0xf0	; 240
   15A9 F0                 5616 	.db #0xf0	; 240
   15AA F0                 5617 	.db #0xf0	; 240
   15AB F0                 5618 	.db #0xf0	; 240
   15AC F0                 5619 	.db #0xf0	; 240
   15AD F0                 5620 	.db #0xf0	; 240
   15AE F0                 5621 	.db #0xf0	; 240
   15AF F0                 5622 	.db #0xf0	; 240
   15B0 F0                 5623 	.db #0xf0	; 240
   15B1 F0                 5624 	.db #0xf0	; 240
   15B2 E4                 5625 	.db #0xe4	; 228
   15B3 D8                 5626 	.db #0xd8	; 216
   15B4 F0                 5627 	.db #0xf0	; 240
   15B5 F0                 5628 	.db #0xf0	; 240
   15B6 F0                 5629 	.db #0xf0	; 240
   15B7 F0                 5630 	.db #0xf0	; 240
   15B8 F0                 5631 	.db #0xf0	; 240
   15B9 F0                 5632 	.db #0xf0	; 240
   15BA F0                 5633 	.db #0xf0	; 240
   15BB F0                 5634 	.db #0xf0	; 240
   15BC F0                 5635 	.db #0xf0	; 240
   15BD F0                 5636 	.db #0xf0	; 240
   15BE F0                 5637 	.db #0xf0	; 240
   15BF F0                 5638 	.db #0xf0	; 240
   15C0 F0                 5639 	.db #0xf0	; 240
   15C1 F0                 5640 	.db #0xf0	; 240
   15C2 F0                 5641 	.db #0xf0	; 240
   15C3 F0                 5642 	.db #0xf0	; 240
   15C4 F0                 5643 	.db #0xf0	; 240
   15C5 F0                 5644 	.db #0xf0	; 240
   15C6 F0                 5645 	.db #0xf0	; 240
   15C7 F0                 5646 	.db #0xf0	; 240
   15C8 F0                 5647 	.db #0xf0	; 240
   15C9 F0                 5648 	.db #0xf0	; 240
   15CA F0                 5649 	.db #0xf0	; 240
   15CB F0                 5650 	.db #0xf0	; 240
   15CC F0                 5651 	.db #0xf0	; 240
   15CD F0                 5652 	.db #0xf0	; 240
   15CE F0                 5653 	.db #0xf0	; 240
   15CF F0                 5654 	.db #0xf0	; 240
   15D0 F0                 5655 	.db #0xf0	; 240
   15D1 F0                 5656 	.db #0xf0	; 240
   15D2 E4                 5657 	.db #0xe4	; 228
   15D3 D8                 5658 	.db #0xd8	; 216
   15D4 F0                 5659 	.db #0xf0	; 240
   15D5 F0                 5660 	.db #0xf0	; 240
   15D6 F0                 5661 	.db #0xf0	; 240
   15D7 F0                 5662 	.db #0xf0	; 240
   15D8 F0                 5663 	.db #0xf0	; 240
   15D9 F0                 5664 	.db #0xf0	; 240
   15DA F0                 5665 	.db #0xf0	; 240
   15DB F0                 5666 	.db #0xf0	; 240
   15DC F0                 5667 	.db #0xf0	; 240
   15DD F0                 5668 	.db #0xf0	; 240
   15DE F0                 5669 	.db #0xf0	; 240
   15DF F0                 5670 	.db #0xf0	; 240
   15E0 F0                 5671 	.db #0xf0	; 240
   15E1 F0                 5672 	.db #0xf0	; 240
   15E2 F0                 5673 	.db #0xf0	; 240
   15E3 F0                 5674 	.db #0xf0	; 240
   15E4 F0                 5675 	.db #0xf0	; 240
   15E5 F0                 5676 	.db #0xf0	; 240
   15E6 F0                 5677 	.db #0xf0	; 240
   15E7 F0                 5678 	.db #0xf0	; 240
   15E8 F0                 5679 	.db #0xf0	; 240
   15E9 F0                 5680 	.db #0xf0	; 240
   15EA F0                 5681 	.db #0xf0	; 240
   15EB F0                 5682 	.db #0xf0	; 240
   15EC F0                 5683 	.db #0xf0	; 240
   15ED F0                 5684 	.db #0xf0	; 240
   15EE F0                 5685 	.db #0xf0	; 240
   15EF F0                 5686 	.db #0xf0	; 240
   15F0 F0                 5687 	.db #0xf0	; 240
   15F1 F0                 5688 	.db #0xf0	; 240
   15F2 E4                 5689 	.db #0xe4	; 228
   15F3 F0                 5690 	.db #0xf0	; 240
   15F4 F0                 5691 	.db #0xf0	; 240
   15F5 F0                 5692 	.db #0xf0	; 240
   15F6 F0                 5693 	.db #0xf0	; 240
   15F7 F0                 5694 	.db #0xf0	; 240
   15F8 F0                 5695 	.db #0xf0	; 240
   15F9 F0                 5696 	.db #0xf0	; 240
   15FA F0                 5697 	.db #0xf0	; 240
   15FB F0                 5698 	.db #0xf0	; 240
   15FC F0                 5699 	.db #0xf0	; 240
   15FD F0                 5700 	.db #0xf0	; 240
   15FE F0                 5701 	.db #0xf0	; 240
   15FF F0                 5702 	.db #0xf0	; 240
   1600 F0                 5703 	.db #0xf0	; 240
   1601 F0                 5704 	.db #0xf0	; 240
   1602 F0                 5705 	.db #0xf0	; 240
   1603 F0                 5706 	.db #0xf0	; 240
   1604 F0                 5707 	.db #0xf0	; 240
   1605 F0                 5708 	.db #0xf0	; 240
   1606 F0                 5709 	.db #0xf0	; 240
   1607 F0                 5710 	.db #0xf0	; 240
   1608 F0                 5711 	.db #0xf0	; 240
   1609 F0                 5712 	.db #0xf0	; 240
   160A F0                 5713 	.db #0xf0	; 240
   160B F0                 5714 	.db #0xf0	; 240
   160C F0                 5715 	.db #0xf0	; 240
   160D F0                 5716 	.db #0xf0	; 240
   160E CC                 5717 	.db #0xcc	; 204
   160F CC                 5718 	.db #0xcc	; 204
   1610 F0                 5719 	.db #0xf0	; 240
   1611 F0                 5720 	.db #0xf0	; 240
   1612 E4                 5721 	.db #0xe4	; 228
   1613 F0                 5722 	.db #0xf0	; 240
   1614 F0                 5723 	.db #0xf0	; 240
   1615 F0                 5724 	.db #0xf0	; 240
   1616 F0                 5725 	.db #0xf0	; 240
   1617 F0                 5726 	.db #0xf0	; 240
   1618 F0                 5727 	.db #0xf0	; 240
   1619 F0                 5728 	.db #0xf0	; 240
   161A F0                 5729 	.db #0xf0	; 240
   161B F0                 5730 	.db #0xf0	; 240
   161C F0                 5731 	.db #0xf0	; 240
   161D F0                 5732 	.db #0xf0	; 240
   161E F0                 5733 	.db #0xf0	; 240
   161F F0                 5734 	.db #0xf0	; 240
   1620 F0                 5735 	.db #0xf0	; 240
   1621 F0                 5736 	.db #0xf0	; 240
   1622 F0                 5737 	.db #0xf0	; 240
   1623 F0                 5738 	.db #0xf0	; 240
   1624 F0                 5739 	.db #0xf0	; 240
   1625 F0                 5740 	.db #0xf0	; 240
   1626 F0                 5741 	.db #0xf0	; 240
   1627 F0                 5742 	.db #0xf0	; 240
   1628 E4                 5743 	.db #0xe4	; 228
   1629 D8                 5744 	.db #0xd8	; 216
   162A E4                 5745 	.db #0xe4	; 228
   162B F0                 5746 	.db #0xf0	; 240
   162C CC                 5747 	.db #0xcc	; 204
   162D CC                 5748 	.db #0xcc	; 204
   162E CC                 5749 	.db #0xcc	; 204
   162F CC                 5750 	.db #0xcc	; 204
   1630 CC                 5751 	.db #0xcc	; 204
   1631 F0                 5752 	.db #0xf0	; 240
   1632 E4                 5753 	.db #0xe4	; 228
   1633 F0                 5754 	.db #0xf0	; 240
   1634 F0                 5755 	.db #0xf0	; 240
   1635 F0                 5756 	.db #0xf0	; 240
   1636 F0                 5757 	.db #0xf0	; 240
   1637 F0                 5758 	.db #0xf0	; 240
   1638 F0                 5759 	.db #0xf0	; 240
   1639 F0                 5760 	.db #0xf0	; 240
   163A F0                 5761 	.db #0xf0	; 240
   163B F0                 5762 	.db #0xf0	; 240
   163C F0                 5763 	.db #0xf0	; 240
   163D F0                 5764 	.db #0xf0	; 240
   163E F0                 5765 	.db #0xf0	; 240
   163F F0                 5766 	.db #0xf0	; 240
   1640 F0                 5767 	.db #0xf0	; 240
   1641 F0                 5768 	.db #0xf0	; 240
   1642 F0                 5769 	.db #0xf0	; 240
   1643 F0                 5770 	.db #0xf0	; 240
   1644 CC                 5771 	.db #0xcc	; 204
   1645 E4                 5772 	.db #0xe4	; 228
   1646 CC                 5773 	.db #0xcc	; 204
   1647 CC                 5774 	.db #0xcc	; 204
   1648 E4                 5775 	.db #0xe4	; 228
   1649 D8                 5776 	.db #0xd8	; 216
   164A E4                 5777 	.db #0xe4	; 228
   164B CC                 5778 	.db #0xcc	; 204
   164C CC                 5779 	.db #0xcc	; 204
   164D CC                 5780 	.db #0xcc	; 204
   164E CC                 5781 	.db #0xcc	; 204
   164F CC                 5782 	.db #0xcc	; 204
   1650 CC                 5783 	.db #0xcc	; 204
   1651 D8                 5784 	.db #0xd8	; 216
   1652 E4                 5785 	.db #0xe4	; 228
   1653 F0                 5786 	.db #0xf0	; 240
   1654 F0                 5787 	.db #0xf0	; 240
   1655 F0                 5788 	.db #0xf0	; 240
   1656 F0                 5789 	.db #0xf0	; 240
   1657 F0                 5790 	.db #0xf0	; 240
   1658 F0                 5791 	.db #0xf0	; 240
   1659 F0                 5792 	.db #0xf0	; 240
   165A F0                 5793 	.db #0xf0	; 240
   165B F0                 5794 	.db #0xf0	; 240
   165C F0                 5795 	.db #0xf0	; 240
   165D F0                 5796 	.db #0xf0	; 240
   165E F0                 5797 	.db #0xf0	; 240
   165F F0                 5798 	.db #0xf0	; 240
   1660 F0                 5799 	.db #0xf0	; 240
   1661 F0                 5800 	.db #0xf0	; 240
   1662 E4                 5801 	.db #0xe4	; 228
   1663 F0                 5802 	.db #0xf0	; 240
   1664 CC                 5803 	.db #0xcc	; 204
   1665 E4                 5804 	.db #0xe4	; 228
   1666 F0                 5805 	.db #0xf0	; 240
   1667 CC                 5806 	.db #0xcc	; 204
   1668 E4                 5807 	.db #0xe4	; 228
   1669 D8                 5808 	.db #0xd8	; 216
   166A E4                 5809 	.db #0xe4	; 228
   166B CC                 5810 	.db #0xcc	; 204
   166C D8                 5811 	.db #0xd8	; 216
   166D F0                 5812 	.db #0xf0	; 240
   166E E4                 5813 	.db #0xe4	; 228
   166F CC                 5814 	.db #0xcc	; 204
   1670 F0                 5815 	.db #0xf0	; 240
   1671 D8                 5816 	.db #0xd8	; 216
   1672 F0                 5817 	.db #0xf0	; 240
   1673 F0                 5818 	.db #0xf0	; 240
   1674 F0                 5819 	.db #0xf0	; 240
   1675 F0                 5820 	.db #0xf0	; 240
   1676 F0                 5821 	.db #0xf0	; 240
   1677 F0                 5822 	.db #0xf0	; 240
   1678 F0                 5823 	.db #0xf0	; 240
   1679 F0                 5824 	.db #0xf0	; 240
   167A F0                 5825 	.db #0xf0	; 240
   167B F0                 5826 	.db #0xf0	; 240
   167C F0                 5827 	.db #0xf0	; 240
   167D F0                 5828 	.db #0xf0	; 240
   167E E4                 5829 	.db #0xe4	; 228
   167F CC                 5830 	.db #0xcc	; 204
   1680 CC                 5831 	.db #0xcc	; 204
   1681 D8                 5832 	.db #0xd8	; 216
   1682 E4                 5833 	.db #0xe4	; 228
   1683 F0                 5834 	.db #0xf0	; 240
   1684 CC                 5835 	.db #0xcc	; 204
   1685 E4                 5836 	.db #0xe4	; 228
   1686 F0                 5837 	.db #0xf0	; 240
   1687 CC                 5838 	.db #0xcc	; 204
   1688 CC                 5839 	.db #0xcc	; 204
   1689 D8                 5840 	.db #0xd8	; 216
   168A E4                 5841 	.db #0xe4	; 228
   168B CC                 5842 	.db #0xcc	; 204
   168C F0                 5843 	.db #0xf0	; 240
   168D F0                 5844 	.db #0xf0	; 240
   168E F0                 5845 	.db #0xf0	; 240
   168F D8                 5846 	.db #0xd8	; 216
   1690 F0                 5847 	.db #0xf0	; 240
   1691 F0                 5848 	.db #0xf0	; 240
   1692 F0                 5849 	.db #0xf0	; 240
   1693 F0                 5850 	.db #0xf0	; 240
   1694 F0                 5851 	.db #0xf0	; 240
   1695 CC                 5852 	.db #0xcc	; 204
   1696 D8                 5853 	.db #0xd8	; 216
   1697 CC                 5854 	.db #0xcc	; 204
   1698 D8                 5855 	.db #0xd8	; 216
   1699 D8                 5856 	.db #0xd8	; 216
   169A E4                 5857 	.db #0xe4	; 228
   169B CC                 5858 	.db #0xcc	; 204
   169C CC                 5859 	.db #0xcc	; 204
   169D CC                 5860 	.db #0xcc	; 204
   169E CC                 5861 	.db #0xcc	; 204
   169F CC                 5862 	.db #0xcc	; 204
   16A0 D8                 5863 	.db #0xd8	; 216
   16A1 E4                 5864 	.db #0xe4	; 228
   16A2 CC                 5865 	.db #0xcc	; 204
   16A3 F0                 5866 	.db #0xf0	; 240
   16A4 CC                 5867 	.db #0xcc	; 204
   16A5 E4                 5868 	.db #0xe4	; 228
   16A6 F0                 5869 	.db #0xf0	; 240
   16A7 E4                 5870 	.db #0xe4	; 228
   16A8 CC                 5871 	.db #0xcc	; 204
   16A9 D8                 5872 	.db #0xd8	; 216
   16AA E4                 5873 	.db #0xe4	; 228
   16AB CC                 5874 	.db #0xcc	; 204
   16AC F0                 5875 	.db #0xf0	; 240
   16AD F0                 5876 	.db #0xf0	; 240
   16AE F0                 5877 	.db #0xf0	; 240
   16AF D8                 5878 	.db #0xd8	; 216
   16B0 F0                 5879 	.db #0xf0	; 240
   16B1 F0                 5880 	.db #0xf0	; 240
   16B2 F0                 5881 	.db #0xf0	; 240
   16B3 F0                 5882 	.db #0xf0	; 240
   16B4 E4                 5883 	.db #0xe4	; 228
   16B5 D8                 5884 	.db #0xd8	; 216
   16B6 CC                 5885 	.db #0xcc	; 204
   16B7 D8                 5886 	.db #0xd8	; 216
   16B8 D8                 5887 	.db #0xd8	; 216
   16B9 CC                 5888 	.db #0xcc	; 204
   16BA E4                 5889 	.db #0xe4	; 228
   16BB E4                 5890 	.db #0xe4	; 228
   16BC CC                 5891 	.db #0xcc	; 204
   16BD E4                 5892 	.db #0xe4	; 228
   16BE F0                 5893 	.db #0xf0	; 240
   16BF E4                 5894 	.db #0xe4	; 228
   16C0 D8                 5895 	.db #0xd8	; 216
   16C1 E4                 5896 	.db #0xe4	; 228
   16C2 E4                 5897 	.db #0xe4	; 228
   16C3 F0                 5898 	.db #0xf0	; 240
   16C4 E4                 5899 	.db #0xe4	; 228
   16C5 CC                 5900 	.db #0xcc	; 204
   16C6 F0                 5901 	.db #0xf0	; 240
   16C7 E4                 5902 	.db #0xe4	; 228
   16C8 CC                 5903 	.db #0xcc	; 204
   16C9 D8                 5904 	.db #0xd8	; 216
   16CA E4                 5905 	.db #0xe4	; 228
   16CB CC                 5906 	.db #0xcc	; 204
   16CC F0                 5907 	.db #0xf0	; 240
   16CD F0                 5908 	.db #0xf0	; 240
   16CE F0                 5909 	.db #0xf0	; 240
   16CF CC                 5910 	.db #0xcc	; 204
   16D0 F0                 5911 	.db #0xf0	; 240
   16D1 F0                 5912 	.db #0xf0	; 240
   16D2 F0                 5913 	.db #0xf0	; 240
   16D3 F0                 5914 	.db #0xf0	; 240
   16D4 CC                 5915 	.db #0xcc	; 204
   16D5 CC                 5916 	.db #0xcc	; 204
   16D6 CC                 5917 	.db #0xcc	; 204
   16D7 D8                 5918 	.db #0xd8	; 216
   16D8 D8                 5919 	.db #0xd8	; 216
   16D9 CC                 5920 	.db #0xcc	; 204
   16DA CC                 5921 	.db #0xcc	; 204
   16DB F0                 5922 	.db #0xf0	; 240
   16DC CC                 5923 	.db #0xcc	; 204
   16DD E4                 5924 	.db #0xe4	; 228
   16DE F0                 5925 	.db #0xf0	; 240
   16DF E4                 5926 	.db #0xe4	; 228
   16E0 CC                 5927 	.db #0xcc	; 204
   16E1 CC                 5928 	.db #0xcc	; 204
   16E2 E4                 5929 	.db #0xe4	; 228
   16E3 CC                 5930 	.db #0xcc	; 204
   16E4 CC                 5931 	.db #0xcc	; 204
   16E5 D8                 5932 	.db #0xd8	; 216
   16E6 F0                 5933 	.db #0xf0	; 240
   16E7 E4                 5934 	.db #0xe4	; 228
   16E8 CC                 5935 	.db #0xcc	; 204
   16E9 D8                 5936 	.db #0xd8	; 216
   16EA E4                 5937 	.db #0xe4	; 228
   16EB CC                 5938 	.db #0xcc	; 204
   16EC CC                 5939 	.db #0xcc	; 204
   16ED CC                 5940 	.db #0xcc	; 204
   16EE D8                 5941 	.db #0xd8	; 216
   16EF CC                 5942 	.db #0xcc	; 204
   16F0 CC                 5943 	.db #0xcc	; 204
   16F1 D8                 5944 	.db #0xd8	; 216
   16F2 F0                 5945 	.db #0xf0	; 240
   16F3 F0                 5946 	.db #0xf0	; 240
   16F4 CC                 5947 	.db #0xcc	; 204
   16F5 D8                 5948 	.db #0xd8	; 216
   16F6 E4                 5949 	.db #0xe4	; 228
   16F7 CC                 5950 	.db #0xcc	; 204
   16F8 D8                 5951 	.db #0xd8	; 216
   16F9 D8                 5952 	.db #0xd8	; 216
   16FA E4                 5953 	.db #0xe4	; 228
   16FB F0                 5954 	.db #0xf0	; 240
   16FC CC                 5955 	.db #0xcc	; 204
   16FD E4                 5956 	.db #0xe4	; 228
   16FE CC                 5957 	.db #0xcc	; 204
   16FF E4                 5958 	.db #0xe4	; 228
   1700 CC                 5959 	.db #0xcc	; 204
   1701 B0                 5960 	.db #0xb0	; 176
   1702 E4                 5961 	.db #0xe4	; 228
   1703 CC                 5962 	.db #0xcc	; 204
   1704 CC                 5963 	.db #0xcc	; 204
   1705 CC                 5964 	.db #0xcc	; 204
   1706 F0                 5965 	.db #0xf0	; 240
   1707 E4                 5966 	.db #0xe4	; 228
   1708 CC                 5967 	.db #0xcc	; 204
   1709 D8                 5968 	.db #0xd8	; 216
   170A E4                 5969 	.db #0xe4	; 228
   170B CC                 5970 	.db #0xcc	; 204
   170C CC                 5971 	.db #0xcc	; 204
   170D CC                 5972 	.db #0xcc	; 204
   170E CC                 5973 	.db #0xcc	; 204
   170F CC                 5974 	.db #0xcc	; 204
   1710 F0                 5975 	.db #0xf0	; 240
   1711 F0                 5976 	.db #0xf0	; 240
   1712 F0                 5977 	.db #0xf0	; 240
   1713 F0                 5978 	.db #0xf0	; 240
   1714 E4                 5979 	.db #0xe4	; 228
   1715 CC                 5980 	.db #0xcc	; 204
   1716 CC                 5981 	.db #0xcc	; 204
   1717 D8                 5982 	.db #0xd8	; 216
   1718 D8                 5983 	.db #0xd8	; 216
   1719 D8                 5984 	.db #0xd8	; 216
   171A E4                 5985 	.db #0xe4	; 228
   171B F0                 5986 	.db #0xf0	; 240
   171C CC                 5987 	.db #0xcc	; 204
   171D E4                 5988 	.db #0xe4	; 228
   171E D8                 5989 	.db #0xd8	; 216
   171F F0                 5990 	.db #0xf0	; 240
   1720 CC                 5991 	.db #0xcc	; 204
   1721 F0                 5992 	.db #0xf0	; 240
   1722 64                 5993 	.db #0x64	; 100	'd'
   1723 F0                 5994 	.db #0xf0	; 240
   1724 E4                 5995 	.db #0xe4	; 228
   1725 CC                 5996 	.db #0xcc	; 204
   1726 F0                 5997 	.db #0xf0	; 240
   1727 E4                 5998 	.db #0xe4	; 228
   1728 CC                 5999 	.db #0xcc	; 204
   1729 F0                 6000 	.db #0xf0	; 240
   172A E4                 6001 	.db #0xe4	; 228
   172B D8                 6002 	.db #0xd8	; 216
   172C F0                 6003 	.db #0xf0	; 240
   172D F0                 6004 	.db #0xf0	; 240
   172E CC                 6005 	.db #0xcc	; 204
   172F CC                 6006 	.db #0xcc	; 204
   1730 D8                 6007 	.db #0xd8	; 216
   1731 F0                 6008 	.db #0xf0	; 240
   1732 F0                 6009 	.db #0xf0	; 240
   1733 F0                 6010 	.db #0xf0	; 240
   1734 F0                 6011 	.db #0xf0	; 240
   1735 F0                 6012 	.db #0xf0	; 240
   1736 CC                 6013 	.db #0xcc	; 204
   1737 D8                 6014 	.db #0xd8	; 216
   1738 D8                 6015 	.db #0xd8	; 216
   1739 D8                 6016 	.db #0xd8	; 216
   173A E4                 6017 	.db #0xe4	; 228
   173B E4                 6018 	.db #0xe4	; 228
   173C CC                 6019 	.db #0xcc	; 204
   173D E4                 6020 	.db #0xe4	; 228
   173E CC                 6021 	.db #0xcc	; 204
   173F CC                 6022 	.db #0xcc	; 204
   1740 CC                 6023 	.db #0xcc	; 204
   1741 F0                 6024 	.db #0xf0	; 240
   1742 64                 6025 	.db #0x64	; 100	'd'
   1743 F0                 6026 	.db #0xf0	; 240
   1744 CC                 6027 	.db #0xcc	; 204
   1745 E4                 6028 	.db #0xe4	; 228
   1746 F0                 6029 	.db #0xf0	; 240
   1747 E4                 6030 	.db #0xe4	; 228
   1748 CC                 6031 	.db #0xcc	; 204
   1749 D8                 6032 	.db #0xd8	; 216
   174A E4                 6033 	.db #0xe4	; 228
   174B D8                 6034 	.db #0xd8	; 216
   174C F0                 6035 	.db #0xf0	; 240
   174D F0                 6036 	.db #0xf0	; 240
   174E CC                 6037 	.db #0xcc	; 204
   174F CC                 6038 	.db #0xcc	; 204
   1750 D8                 6039 	.db #0xd8	; 216
   1751 F0                 6040 	.db #0xf0	; 240
   1752 F0                 6041 	.db #0xf0	; 240
   1753 F0                 6042 	.db #0xf0	; 240
   1754 F0                 6043 	.db #0xf0	; 240
   1755 F0                 6044 	.db #0xf0	; 240
   1756 F0                 6045 	.db #0xf0	; 240
   1757 F0                 6046 	.db #0xf0	; 240
   1758 F0                 6047 	.db #0xf0	; 240
   1759 F0                 6048 	.db #0xf0	; 240
   175A F0                 6049 	.db #0xf0	; 240
   175B F0                 6050 	.db #0xf0	; 240
   175C F0                 6051 	.db #0xf0	; 240
   175D F0                 6052 	.db #0xf0	; 240
   175E E4                 6053 	.db #0xe4	; 228
   175F CC                 6054 	.db #0xcc	; 204
   1760 D8                 6055 	.db #0xd8	; 216
   1761 F0                 6056 	.db #0xf0	; 240
   1762 CC                 6057 	.db #0xcc	; 204
   1763 D8                 6058 	.db #0xd8	; 216
   1764 CC                 6059 	.db #0xcc	; 204
   1765 E4                 6060 	.db #0xe4	; 228
   1766 F0                 6061 	.db #0xf0	; 240
   1767 CC                 6062 	.db #0xcc	; 204
   1768 CC                 6063 	.db #0xcc	; 204
   1769 D8                 6064 	.db #0xd8	; 216
   176A E4                 6065 	.db #0xe4	; 228
   176B CC                 6066 	.db #0xcc	; 204
   176C D8                 6067 	.db #0xd8	; 216
   176D E4                 6068 	.db #0xe4	; 228
   176E CC                 6069 	.db #0xcc	; 204
   176F E4                 6070 	.db #0xe4	; 228
   1770 CC                 6071 	.db #0xcc	; 204
   1771 CC                 6072 	.db #0xcc	; 204
   1772 F0                 6073 	.db #0xf0	; 240
   1773 F0                 6074 	.db #0xf0	; 240
   1774 F0                 6075 	.db #0xf0	; 240
   1775 F0                 6076 	.db #0xf0	; 240
   1776 F0                 6077 	.db #0xf0	; 240
   1777 F0                 6078 	.db #0xf0	; 240
   1778 F0                 6079 	.db #0xf0	; 240
   1779 F0                 6080 	.db #0xf0	; 240
   177A F0                 6081 	.db #0xf0	; 240
   177B F0                 6082 	.db #0xf0	; 240
   177C F0                 6083 	.db #0xf0	; 240
   177D F0                 6084 	.db #0xf0	; 240
   177E F0                 6085 	.db #0xf0	; 240
   177F F0                 6086 	.db #0xf0	; 240
   1780 F0                 6087 	.db #0xf0	; 240
   1781 F0                 6088 	.db #0xf0	; 240
   1782 F0                 6089 	.db #0xf0	; 240
   1783 F0                 6090 	.db #0xf0	; 240
   1784 CC                 6091 	.db #0xcc	; 204
   1785 E4                 6092 	.db #0xe4	; 228
   1786 CC                 6093 	.db #0xcc	; 204
   1787 CC                 6094 	.db #0xcc	; 204
   1788 E4                 6095 	.db #0xe4	; 228
   1789 CC                 6096 	.db #0xcc	; 204
   178A E4                 6097 	.db #0xe4	; 228
   178B E4                 6098 	.db #0xe4	; 228
   178C CC                 6099 	.db #0xcc	; 204
   178D CC                 6100 	.db #0xcc	; 204
   178E CC                 6101 	.db #0xcc	; 204
   178F E4                 6102 	.db #0xe4	; 228
   1790 CC                 6103 	.db #0xcc	; 204
   1791 CC                 6104 	.db #0xcc	; 204
   1792 F0                 6105 	.db #0xf0	; 240
   1793 F0                 6106 	.db #0xf0	; 240
   1794 F0                 6107 	.db #0xf0	; 240
   1795 F0                 6108 	.db #0xf0	; 240
   1796 F0                 6109 	.db #0xf0	; 240
   1797 F0                 6110 	.db #0xf0	; 240
   1798 F0                 6111 	.db #0xf0	; 240
   1799 F0                 6112 	.db #0xf0	; 240
   179A F0                 6113 	.db #0xf0	; 240
   179B F0                 6114 	.db #0xf0	; 240
   179C F0                 6115 	.db #0xf0	; 240
   179D F0                 6116 	.db #0xf0	; 240
   179E F0                 6117 	.db #0xf0	; 240
   179F F0                 6118 	.db #0xf0	; 240
   17A0 F0                 6119 	.db #0xf0	; 240
   17A1 F0                 6120 	.db #0xf0	; 240
   17A2 F0                 6121 	.db #0xf0	; 240
   17A3 F0                 6122 	.db #0xf0	; 240
   17A4 F0                 6123 	.db #0xf0	; 240
   17A5 F0                 6124 	.db #0xf0	; 240
   17A6 F0                 6125 	.db #0xf0	; 240
   17A7 F0                 6126 	.db #0xf0	; 240
   17A8 F0                 6127 	.db #0xf0	; 240
   17A9 CC                 6128 	.db #0xcc	; 204
   17AA CC                 6129 	.db #0xcc	; 204
   17AB E4                 6130 	.db #0xe4	; 228
   17AC CC                 6131 	.db #0xcc	; 204
   17AD CC                 6132 	.db #0xcc	; 204
   17AE D8                 6133 	.db #0xd8	; 216
   17AF E4                 6134 	.db #0xe4	; 228
   17B0 CC                 6135 	.db #0xcc	; 204
   17B1 D8                 6136 	.db #0xd8	; 216
   17B2 F0                 6137 	.db #0xf0	; 240
   17B3 F0                 6138 	.db #0xf0	; 240
   17B4 F0                 6139 	.db #0xf0	; 240
   17B5 F0                 6140 	.db #0xf0	; 240
   17B6 F0                 6141 	.db #0xf0	; 240
   17B7 F0                 6142 	.db #0xf0	; 240
   17B8 F0                 6143 	.db #0xf0	; 240
   17B9 F0                 6144 	.db #0xf0	; 240
   17BA F0                 6145 	.db #0xf0	; 240
   17BB F0                 6146 	.db #0xf0	; 240
   17BC F0                 6147 	.db #0xf0	; 240
   17BD F0                 6148 	.db #0xf0	; 240
   17BE F0                 6149 	.db #0xf0	; 240
   17BF F0                 6150 	.db #0xf0	; 240
   17C0 F0                 6151 	.db #0xf0	; 240
   17C1 F0                 6152 	.db #0xf0	; 240
   17C2 F0                 6153 	.db #0xf0	; 240
   17C3 F0                 6154 	.db #0xf0	; 240
   17C4 F0                 6155 	.db #0xf0	; 240
   17C5 F0                 6156 	.db #0xf0	; 240
   17C6 F0                 6157 	.db #0xf0	; 240
   17C7 F0                 6158 	.db #0xf0	; 240
   17C8 F0                 6159 	.db #0xf0	; 240
   17C9 F0                 6160 	.db #0xf0	; 240
   17CA F0                 6161 	.db #0xf0	; 240
   17CB F0                 6162 	.db #0xf0	; 240
   17CC F0                 6163 	.db #0xf0	; 240
   17CD F0                 6164 	.db #0xf0	; 240
   17CE F0                 6165 	.db #0xf0	; 240
   17CF CC                 6166 	.db #0xcc	; 204
   17D0 D8                 6167 	.db #0xd8	; 216
   17D1 F0                 6168 	.db #0xf0	; 240
   17D2 F0                 6169 	.db #0xf0	; 240
   17D3 F0                 6170 	.db #0xf0	; 240
   17D4 00                 6171 	.db 0x00
   17D5 00                 6172 	.db 0x00
   17D6 00                 6173 	.db 0x00
   17D7 00                 6174 	.db 0x00
   17D8 00                 6175 	.db 0x00
   17D9 00                 6176 	.db 0x00
   17DA 00                 6177 	.db 0x00
   17DB 00                 6178 	.db 0x00
   17DC 00                 6179 	.db 0x00
   17DD 00                 6180 	.db 0x00
   17DE 00                 6181 	.db 0x00
   17DF 00                 6182 	.db 0x00
   17E0 00                 6183 	.db 0x00
   17E1 00                 6184 	.db 0x00
   17E2 00                 6185 	.db 0x00
   17E3 00                 6186 	.db 0x00
   17E4 00                 6187 	.db 0x00
   17E5 00                 6188 	.db 0x00
   17E6 00                 6189 	.db 0x00
   17E7 00                 6190 	.db 0x00
   17E8 00                 6191 	.db 0x00
   17E9 00                 6192 	.db 0x00
   17EA 00                 6193 	.db 0x00
   17EB 00                 6194 	.db 0x00
   17EC 00                 6195 	.db 0x00
   17ED 00                 6196 	.db 0x00
   17EE 00                 6197 	.db 0x00
   17EF 00                 6198 	.db 0x00
   17F0 00                 6199 	.db 0x00
   17F1 00                 6200 	.db 0x00
   17F2 00                 6201 	.db 0x00
   17F3 00                 6202 	.db 0x00
   17F4 00                 6203 	.db 0x00
   17F5 00                 6204 	.db 0x00
   17F6 00                 6205 	.db 0x00
   17F7 00                 6206 	.db 0x00
   17F8 00                 6207 	.db 0x00
   17F9 00                 6208 	.db 0x00
   17FA 00                 6209 	.db 0x00
   17FB 00                 6210 	.db 0x00
   17FC 00                 6211 	.db 0x00
   17FD 00                 6212 	.db 0x00
   17FE 00                 6213 	.db 0x00
   17FF 00                 6214 	.db 0x00
   1800 00                 6215 	.db 0x00
   1801 00                 6216 	.db 0x00
   1802 00                 6217 	.db 0x00
   1803 00                 6218 	.db 0x00
   1804 00                 6219 	.db 0x00
   1805 00                 6220 	.db 0x00
   1806 00                 6221 	.db 0x00
   1807 00                 6222 	.db 0x00
   1808 00                 6223 	.db 0x00
   1809 00                 6224 	.db 0x00
   180A 00                 6225 	.db 0x00
   180B 00                 6226 	.db 0x00
   180C 00                 6227 	.db 0x00
   180D 00                 6228 	.db 0x00
   180E 00                 6229 	.db 0x00
   180F 00                 6230 	.db 0x00
   1810 00                 6231 	.db 0x00
   1811 00                 6232 	.db 0x00
   1812 00                 6233 	.db 0x00
   1813 00                 6234 	.db 0x00
   1814 00                 6235 	.db 0x00
   1815 00                 6236 	.db 0x00
   1816 00                 6237 	.db 0x00
   1817 00                 6238 	.db 0x00
   1818 00                 6239 	.db 0x00
   1819 00                 6240 	.db 0x00
   181A 00                 6241 	.db 0x00
   181B 00                 6242 	.db 0x00
   181C 00                 6243 	.db 0x00
   181D 00                 6244 	.db 0x00
   181E 00                 6245 	.db 0x00
   181F 00                 6246 	.db 0x00
   1820 00                 6247 	.db 0x00
   1821 00                 6248 	.db 0x00
   1822 00                 6249 	.db 0x00
   1823 00                 6250 	.db 0x00
   1824 00                 6251 	.db 0x00
   1825 00                 6252 	.db 0x00
   1826 00                 6253 	.db 0x00
   1827 00                 6254 	.db 0x00
   1828 00                 6255 	.db 0x00
   1829 00                 6256 	.db 0x00
   182A 00                 6257 	.db 0x00
   182B 00                 6258 	.db 0x00
   182C 00                 6259 	.db 0x00
   182D 00                 6260 	.db 0x00
   182E 00                 6261 	.db 0x00
   182F 00                 6262 	.db 0x00
   1830 00                 6263 	.db 0x00
   1831 00                 6264 	.db 0x00
   1832 00                 6265 	.db 0x00
   1833 00                 6266 	.db 0x00
   1834 00                 6267 	.db 0x00
   1835 00                 6268 	.db 0x00
   1836 00                 6269 	.db 0x00
   1837 00                 6270 	.db 0x00
   1838 00                 6271 	.db 0x00
   1839 00                 6272 	.db 0x00
   183A 00                 6273 	.db 0x00
   183B 00                 6274 	.db 0x00
   183C 00                 6275 	.db 0x00
   183D 00                 6276 	.db 0x00
   183E 00                 6277 	.db 0x00
   183F 00                 6278 	.db 0x00
   1840 00                 6279 	.db 0x00
   1841 00                 6280 	.db 0x00
   1842 00                 6281 	.db 0x00
   1843 00                 6282 	.db 0x00
   1844 00                 6283 	.db 0x00
   1845 00                 6284 	.db 0x00
   1846 00                 6285 	.db 0x00
   1847 00                 6286 	.db 0x00
   1848 00                 6287 	.db 0x00
   1849 00                 6288 	.db 0x00
   184A 00                 6289 	.db 0x00
   184B 00                 6290 	.db 0x00
   184C 00                 6291 	.db 0x00
   184D 00                 6292 	.db 0x00
   184E 00                 6293 	.db 0x00
   184F 00                 6294 	.db 0x00
   1850 00                 6295 	.db 0x00
   1851 00                 6296 	.db 0x00
   1852 00                 6297 	.db 0x00
   1853 00                 6298 	.db 0x00
   1854 00                 6299 	.db 0x00
   1855 00                 6300 	.db 0x00
   1856 00                 6301 	.db 0x00
   1857 00                 6302 	.db 0x00
   1858 00                 6303 	.db 0x00
   1859 00                 6304 	.db 0x00
   185A 00                 6305 	.db 0x00
   185B 00                 6306 	.db 0x00
   185C 00                 6307 	.db 0x00
   185D 00                 6308 	.db 0x00
   185E 00                 6309 	.db 0x00
   185F 00                 6310 	.db 0x00
   1860 00                 6311 	.db 0x00
   1861 00                 6312 	.db 0x00
   1862 00                 6313 	.db 0x00
   1863 00                 6314 	.db 0x00
   1864 00                 6315 	.db 0x00
   1865 00                 6316 	.db 0x00
   1866 00                 6317 	.db 0x00
   1867 00                 6318 	.db 0x00
   1868 00                 6319 	.db 0x00
   1869 00                 6320 	.db 0x00
   186A 00                 6321 	.db 0x00
   186B 00                 6322 	.db 0x00
   186C 00                 6323 	.db 0x00
   186D 00                 6324 	.db 0x00
   186E 00                 6325 	.db 0x00
   186F 00                 6326 	.db 0x00
   1870 00                 6327 	.db 0x00
   1871 00                 6328 	.db 0x00
   1872 00                 6329 	.db 0x00
   1873 00                 6330 	.db 0x00
   1874 00                 6331 	.db 0x00
   1875 00                 6332 	.db 0x00
   1876 00                 6333 	.db 0x00
   1877 00                 6334 	.db 0x00
   1878 00                 6335 	.db 0x00
   1879 00                 6336 	.db 0x00
   187A 00                 6337 	.db 0x00
   187B 00                 6338 	.db 0x00
   187C 00                 6339 	.db 0x00
   187D 00                 6340 	.db 0x00
   187E 00                 6341 	.db 0x00
   187F 00                 6342 	.db 0x00
   1880 00                 6343 	.db 0x00
   1881 00                 6344 	.db 0x00
   1882 00                 6345 	.db 0x00
   1883 00                 6346 	.db 0x00
   1884 00                 6347 	.db 0x00
   1885 00                 6348 	.db 0x00
   1886 00                 6349 	.db 0x00
   1887 00                 6350 	.db 0x00
   1888 00                 6351 	.db 0x00
   1889 00                 6352 	.db 0x00
   188A 00                 6353 	.db 0x00
   188B 00                 6354 	.db 0x00
   188C 00                 6355 	.db 0x00
   188D 00                 6356 	.db 0x00
   188E 00                 6357 	.db 0x00
   188F 00                 6358 	.db 0x00
   1890 00                 6359 	.db 0x00
   1891 00                 6360 	.db 0x00
   1892 00                 6361 	.db 0x00
   1893 00                 6362 	.db 0x00
   1894 00                 6363 	.db 0x00
   1895 00                 6364 	.db 0x00
   1896 00                 6365 	.db 0x00
   1897 00                 6366 	.db 0x00
   1898 00                 6367 	.db 0x00
   1899 00                 6368 	.db 0x00
   189A 00                 6369 	.db 0x00
   189B 00                 6370 	.db 0x00
   189C 00                 6371 	.db 0x00
   189D 00                 6372 	.db 0x00
   189E 00                 6373 	.db 0x00
   189F 00                 6374 	.db 0x00
   18A0 00                 6375 	.db 0x00
   18A1 00                 6376 	.db 0x00
   18A2 00                 6377 	.db 0x00
   18A3 00                 6378 	.db 0x00
   18A4 00                 6379 	.db 0x00
   18A5 00                 6380 	.db 0x00
   18A6 00                 6381 	.db 0x00
   18A7 00                 6382 	.db 0x00
   18A8 00                 6383 	.db 0x00
   18A9 00                 6384 	.db 0x00
   18AA 00                 6385 	.db 0x00
   18AB 00                 6386 	.db 0x00
   18AC 00                 6387 	.db 0x00
   18AD 00                 6388 	.db 0x00
   18AE 00                 6389 	.db 0x00
   18AF 00                 6390 	.db 0x00
   18B0 00                 6391 	.db 0x00
   18B1 00                 6392 	.db 0x00
   18B2 00                 6393 	.db 0x00
   18B3 00                 6394 	.db 0x00
   18B4 00                 6395 	.db 0x00
   18B5 00                 6396 	.db 0x00
   18B6 00                 6397 	.db 0x00
   18B7 00                 6398 	.db 0x00
   18B8 00                 6399 	.db 0x00
   18B9 00                 6400 	.db 0x00
   18BA 00                 6401 	.db 0x00
   18BB 00                 6402 	.db 0x00
   18BC 00                 6403 	.db 0x00
   18BD 00                 6404 	.db 0x00
   18BE 00                 6405 	.db 0x00
   18BF 00                 6406 	.db 0x00
   18C0 00                 6407 	.db 0x00
   18C1 00                 6408 	.db 0x00
   18C2 00                 6409 	.db 0x00
   18C3 00                 6410 	.db 0x00
   18C4 00                 6411 	.db 0x00
   18C5 00                 6412 	.db 0x00
   18C6 00                 6413 	.db 0x00
   18C7 00                 6414 	.db 0x00
   18C8 00                 6415 	.db 0x00
   18C9 00                 6416 	.db 0x00
   18CA 00                 6417 	.db 0x00
   18CB 00                 6418 	.db 0x00
   18CC 00                 6419 	.db 0x00
   18CD 00                 6420 	.db 0x00
   18CE 00                 6421 	.db 0x00
   18CF 00                 6422 	.db 0x00
   18D0 00                 6423 	.db 0x00
   18D1 00                 6424 	.db 0x00
   18D2 00                 6425 	.db 0x00
   18D3 00                 6426 	.db 0x00
   18D4 00                 6427 	.db 0x00
   18D5 00                 6428 	.db 0x00
   18D6 00                 6429 	.db 0x00
   18D7 00                 6430 	.db 0x00
   18D8 00                 6431 	.db 0x00
   18D9 00                 6432 	.db 0x00
   18DA 00                 6433 	.db 0x00
   18DB 00                 6434 	.db 0x00
   18DC 00                 6435 	.db 0x00
   18DD 00                 6436 	.db 0x00
   18DE 00                 6437 	.db 0x00
   18DF 00                 6438 	.db 0x00
   18E0 00                 6439 	.db 0x00
   18E1 00                 6440 	.db 0x00
   18E2 00                 6441 	.db 0x00
   18E3 00                 6442 	.db 0x00
   18E4 00                 6443 	.db 0x00
   18E5 00                 6444 	.db 0x00
   18E6 00                 6445 	.db 0x00
   18E7 00                 6446 	.db 0x00
   18E8 00                 6447 	.db 0x00
   18E9 00                 6448 	.db 0x00
   18EA 00                 6449 	.db 0x00
   18EB 00                 6450 	.db 0x00
   18EC 00                 6451 	.db 0x00
   18ED 00                 6452 	.db 0x00
   18EE 00                 6453 	.db 0x00
   18EF 00                 6454 	.db 0x00
   18F0 00                 6455 	.db 0x00
   18F1 00                 6456 	.db 0x00
   18F2 00                 6457 	.db 0x00
   18F3 00                 6458 	.db 0x00
   18F4 00                 6459 	.db 0x00
   18F5 00                 6460 	.db 0x00
   18F6 00                 6461 	.db 0x00
   18F7 00                 6462 	.db 0x00
   18F8 00                 6463 	.db 0x00
   18F9 00                 6464 	.db 0x00
   18FA 00                 6465 	.db 0x00
   18FB 00                 6466 	.db 0x00
   18FC 00                 6467 	.db 0x00
   18FD 00                 6468 	.db 0x00
   18FE 00                 6469 	.db 0x00
   18FF 00                 6470 	.db 0x00
   1900 00                 6471 	.db 0x00
   1901 00                 6472 	.db 0x00
   1902 00                 6473 	.db 0x00
   1903 00                 6474 	.db 0x00
   1904 00                 6475 	.db 0x00
   1905 00                 6476 	.db 0x00
   1906 00                 6477 	.db 0x00
   1907 00                 6478 	.db 0x00
   1908 00                 6479 	.db 0x00
   1909 00                 6480 	.db 0x00
   190A 00                 6481 	.db 0x00
   190B 00                 6482 	.db 0x00
   190C 00                 6483 	.db 0x00
   190D 00                 6484 	.db 0x00
   190E 00                 6485 	.db 0x00
   190F 00                 6486 	.db 0x00
   1910 00                 6487 	.db 0x00
   1911 00                 6488 	.db 0x00
   1912 00                 6489 	.db 0x00
   1913 00                 6490 	.db 0x00
   1914 00                 6491 	.db 0x00
   1915 00                 6492 	.db 0x00
   1916 00                 6493 	.db 0x00
   1917 00                 6494 	.db 0x00
   1918 00                 6495 	.db 0x00
   1919 00                 6496 	.db 0x00
   191A 00                 6497 	.db 0x00
   191B 00                 6498 	.db 0x00
   191C 00                 6499 	.db 0x00
   191D 00                 6500 	.db 0x00
   191E 00                 6501 	.db 0x00
   191F 00                 6502 	.db 0x00
   1920 00                 6503 	.db 0x00
   1921 00                 6504 	.db 0x00
   1922 00                 6505 	.db 0x00
   1923 00                 6506 	.db 0x00
   1924 00                 6507 	.db 0x00
   1925 00                 6508 	.db 0x00
   1926 00                 6509 	.db 0x00
   1927 00                 6510 	.db 0x00
   1928 00                 6511 	.db 0x00
   1929 00                 6512 	.db 0x00
   192A 00                 6513 	.db 0x00
   192B 00                 6514 	.db 0x00
   192C 00                 6515 	.db 0x00
   192D 00                 6516 	.db 0x00
   192E 00                 6517 	.db 0x00
   192F 00                 6518 	.db 0x00
   1930 00                 6519 	.db 0x00
   1931 00                 6520 	.db 0x00
   1932 00                 6521 	.db 0x00
   1933 00                 6522 	.db 0x00
   1934 00                 6523 	.db 0x00
   1935 00                 6524 	.db 0x00
   1936 00                 6525 	.db 0x00
   1937 00                 6526 	.db 0x00
   1938 00                 6527 	.db 0x00
   1939 00                 6528 	.db 0x00
   193A 00                 6529 	.db 0x00
   193B 00                 6530 	.db 0x00
   193C 00                 6531 	.db 0x00
   193D 00                 6532 	.db 0x00
   193E 00                 6533 	.db 0x00
   193F 00                 6534 	.db 0x00
   1940 00                 6535 	.db 0x00
   1941 00                 6536 	.db 0x00
   1942 00                 6537 	.db 0x00
   1943 00                 6538 	.db 0x00
   1944 00                 6539 	.db 0x00
   1945 00                 6540 	.db 0x00
   1946 00                 6541 	.db 0x00
   1947 00                 6542 	.db 0x00
   1948 00                 6543 	.db 0x00
   1949 00                 6544 	.db 0x00
   194A 00                 6545 	.db 0x00
   194B 00                 6546 	.db 0x00
   194C 00                 6547 	.db 0x00
   194D 00                 6548 	.db 0x00
   194E 00                 6549 	.db 0x00
   194F 00                 6550 	.db 0x00
   1950 00                 6551 	.db 0x00
   1951 00                 6552 	.db 0x00
   1952 00                 6553 	.db 0x00
   1953 00                 6554 	.db 0x00
   1954 00                 6555 	.db 0x00
   1955 00                 6556 	.db 0x00
   1956 00                 6557 	.db 0x00
   1957 00                 6558 	.db 0x00
   1958 00                 6559 	.db 0x00
   1959 00                 6560 	.db 0x00
   195A 00                 6561 	.db 0x00
   195B 00                 6562 	.db 0x00
   195C 00                 6563 	.db 0x00
   195D 00                 6564 	.db 0x00
   195E 00                 6565 	.db 0x00
   195F 00                 6566 	.db 0x00
   1960 00                 6567 	.db 0x00
   1961 00                 6568 	.db 0x00
   1962 00                 6569 	.db 0x00
   1963 00                 6570 	.db 0x00
   1964 00                 6571 	.db 0x00
   1965 00                 6572 	.db 0x00
   1966 00                 6573 	.db 0x00
   1967 00                 6574 	.db 0x00
   1968 00                 6575 	.db 0x00
   1969 00                 6576 	.db 0x00
   196A 00                 6577 	.db 0x00
   196B 00                 6578 	.db 0x00
   196C 00                 6579 	.db 0x00
   196D 00                 6580 	.db 0x00
   196E 00                 6581 	.db 0x00
   196F 00                 6582 	.db 0x00
   1970 00                 6583 	.db 0x00
   1971 00                 6584 	.db 0x00
   1972 00                 6585 	.db 0x00
   1973 00                 6586 	.db 0x00
   1974 00                 6587 	.db 0x00
   1975 00                 6588 	.db 0x00
   1976 00                 6589 	.db 0x00
   1977 00                 6590 	.db 0x00
   1978 00                 6591 	.db 0x00
   1979 00                 6592 	.db 0x00
   197A 00                 6593 	.db 0x00
   197B 00                 6594 	.db 0x00
   197C 00                 6595 	.db 0x00
   197D 00                 6596 	.db 0x00
   197E 00                 6597 	.db 0x00
   197F 00                 6598 	.db 0x00
   1980 00                 6599 	.db 0x00
   1981 00                 6600 	.db 0x00
   1982 00                 6601 	.db 0x00
   1983 00                 6602 	.db 0x00
   1984 00                 6603 	.db 0x00
   1985 00                 6604 	.db 0x00
   1986 00                 6605 	.db 0x00
   1987 00                 6606 	.db 0x00
   1988 00                 6607 	.db 0x00
   1989 00                 6608 	.db 0x00
   198A 00                 6609 	.db 0x00
   198B 00                 6610 	.db 0x00
   198C 00                 6611 	.db 0x00
   198D 00                 6612 	.db 0x00
   198E 00                 6613 	.db 0x00
   198F 00                 6614 	.db 0x00
   1990 00                 6615 	.db 0x00
   1991 00                 6616 	.db 0x00
   1992 00                 6617 	.db 0x00
   1993 00                 6618 	.db 0x00
   1994 00                 6619 	.db 0x00
   1995 00                 6620 	.db 0x00
   1996 00                 6621 	.db 0x00
   1997 00                 6622 	.db 0x00
   1998 00                 6623 	.db 0x00
   1999 00                 6624 	.db 0x00
   199A 00                 6625 	.db 0x00
   199B 00                 6626 	.db 0x00
   199C 00                 6627 	.db 0x00
   199D 00                 6628 	.db 0x00
   199E 00                 6629 	.db 0x00
   199F 00                 6630 	.db 0x00
   19A0 00                 6631 	.db 0x00
   19A1 00                 6632 	.db 0x00
   19A2 00                 6633 	.db 0x00
   19A3 00                 6634 	.db 0x00
   19A4 00                 6635 	.db 0x00
   19A5 00                 6636 	.db 0x00
   19A6 00                 6637 	.db 0x00
   19A7 00                 6638 	.db 0x00
   19A8 00                 6639 	.db 0x00
   19A9 00                 6640 	.db 0x00
   19AA 00                 6641 	.db 0x00
   19AB 00                 6642 	.db 0x00
   19AC 00                 6643 	.db 0x00
   19AD 00                 6644 	.db 0x00
   19AE 00                 6645 	.db 0x00
   19AF 00                 6646 	.db 0x00
   19B0 00                 6647 	.db 0x00
   19B1 00                 6648 	.db 0x00
   19B2 00                 6649 	.db 0x00
   19B3 00                 6650 	.db 0x00
   19B4 00                 6651 	.db 0x00
   19B5 00                 6652 	.db 0x00
   19B6 00                 6653 	.db 0x00
   19B7 00                 6654 	.db 0x00
   19B8 00                 6655 	.db 0x00
   19B9 00                 6656 	.db 0x00
   19BA 00                 6657 	.db 0x00
   19BB 00                 6658 	.db 0x00
   19BC 00                 6659 	.db 0x00
   19BD 00                 6660 	.db 0x00
   19BE 00                 6661 	.db 0x00
   19BF 00                 6662 	.db 0x00
   19C0 00                 6663 	.db 0x00
   19C1 00                 6664 	.db 0x00
   19C2 00                 6665 	.db 0x00
   19C3 00                 6666 	.db 0x00
   19C4 00                 6667 	.db 0x00
   19C5 00                 6668 	.db 0x00
   19C6 00                 6669 	.db 0x00
   19C7 00                 6670 	.db 0x00
   19C8 00                 6671 	.db 0x00
   19C9 00                 6672 	.db 0x00
   19CA 00                 6673 	.db 0x00
   19CB 00                 6674 	.db 0x00
   19CC 00                 6675 	.db 0x00
   19CD 00                 6676 	.db 0x00
   19CE 00                 6677 	.db 0x00
   19CF 00                 6678 	.db 0x00
   19D0 00                 6679 	.db 0x00
   19D1 00                 6680 	.db 0x00
   19D2 00                 6681 	.db 0x00
   19D3 00                 6682 	.db 0x00
   19D4 00                 6683 	.db 0x00
   19D5 00                 6684 	.db 0x00
   19D6 00                 6685 	.db 0x00
   19D7 00                 6686 	.db 0x00
   19D8 00                 6687 	.db 0x00
   19D9 00                 6688 	.db 0x00
   19DA 00                 6689 	.db 0x00
   19DB 00                 6690 	.db 0x00
   19DC 00                 6691 	.db 0x00
   19DD 00                 6692 	.db 0x00
   19DE 00                 6693 	.db 0x00
   19DF 00                 6694 	.db 0x00
   19E0 00                 6695 	.db 0x00
   19E1 00                 6696 	.db 0x00
   19E2 00                 6697 	.db 0x00
   19E3 00                 6698 	.db 0x00
   19E4 00                 6699 	.db 0x00
   19E5 00                 6700 	.db 0x00
   19E6 00                 6701 	.db 0x00
   19E7 00                 6702 	.db 0x00
   19E8 00                 6703 	.db 0x00
   19E9 00                 6704 	.db 0x00
   19EA 00                 6705 	.db 0x00
   19EB 00                 6706 	.db 0x00
   19EC 00                 6707 	.db 0x00
   19ED 00                 6708 	.db 0x00
   19EE 00                 6709 	.db 0x00
   19EF 00                 6710 	.db 0x00
   19F0 00                 6711 	.db 0x00
   19F1 00                 6712 	.db 0x00
   19F2 00                 6713 	.db 0x00
   19F3 00                 6714 	.db 0x00
   19F4 00                 6715 	.db 0x00
   19F5 00                 6716 	.db 0x00
   19F6 00                 6717 	.db 0x00
   19F7 00                 6718 	.db 0x00
   19F8 00                 6719 	.db 0x00
   19F9 00                 6720 	.db 0x00
   19FA 00                 6721 	.db 0x00
   19FB 00                 6722 	.db 0x00
   19FC 00                 6723 	.db 0x00
   19FD 00                 6724 	.db 0x00
   19FE 00                 6725 	.db 0x00
   19FF 00                 6726 	.db 0x00
   1A00 00                 6727 	.db 0x00
   1A01 00                 6728 	.db 0x00
   1A02 00                 6729 	.db 0x00
   1A03 00                 6730 	.db 0x00
   1A04 00                 6731 	.db 0x00
   1A05 00                 6732 	.db 0x00
   1A06 00                 6733 	.db 0x00
   1A07 00                 6734 	.db 0x00
   1A08 00                 6735 	.db 0x00
   1A09 00                 6736 	.db 0x00
   1A0A 00                 6737 	.db 0x00
   1A0B 00                 6738 	.db 0x00
   1A0C 00                 6739 	.db 0x00
   1A0D 00                 6740 	.db 0x00
   1A0E 00                 6741 	.db 0x00
   1A0F 00                 6742 	.db 0x00
   1A10 00                 6743 	.db 0x00
   1A11 00                 6744 	.db 0x00
   1A12 00                 6745 	.db 0x00
   1A13 00                 6746 	.db 0x00
   1A14 00                 6747 	.db 0x00
   1A15 00                 6748 	.db 0x00
   1A16 00                 6749 	.db 0x00
   1A17 00                 6750 	.db 0x00
   1A18 00                 6751 	.db 0x00
   1A19 00                 6752 	.db 0x00
   1A1A 00                 6753 	.db 0x00
   1A1B 00                 6754 	.db 0x00
   1A1C 00                 6755 	.db 0x00
   1A1D 00                 6756 	.db 0x00
   1A1E 00                 6757 	.db 0x00
   1A1F 00                 6758 	.db 0x00
   1A20 00                 6759 	.db 0x00
   1A21 00                 6760 	.db 0x00
   1A22 00                 6761 	.db 0x00
   1A23 00                 6762 	.db 0x00
   1A24 00                 6763 	.db 0x00
   1A25 00                 6764 	.db 0x00
   1A26 00                 6765 	.db 0x00
   1A27 00                 6766 	.db 0x00
   1A28 00                 6767 	.db 0x00
   1A29 00                 6768 	.db 0x00
   1A2A 00                 6769 	.db 0x00
   1A2B 00                 6770 	.db 0x00
   1A2C 00                 6771 	.db 0x00
   1A2D 00                 6772 	.db 0x00
   1A2E 00                 6773 	.db 0x00
   1A2F 00                 6774 	.db 0x00
   1A30 00                 6775 	.db 0x00
   1A31 00                 6776 	.db 0x00
   1A32 00                 6777 	.db 0x00
   1A33 00                 6778 	.db 0x00
   1A34 00                 6779 	.db 0x00
   1A35 00                 6780 	.db 0x00
   1A36 00                 6781 	.db 0x00
   1A37 00                 6782 	.db 0x00
   1A38 00                 6783 	.db 0x00
   1A39 00                 6784 	.db 0x00
   1A3A 00                 6785 	.db 0x00
   1A3B 00                 6786 	.db 0x00
   1A3C 00                 6787 	.db 0x00
   1A3D 00                 6788 	.db 0x00
   1A3E 00                 6789 	.db 0x00
   1A3F 00                 6790 	.db 0x00
   1A40 00                 6791 	.db 0x00
   1A41 00                 6792 	.db 0x00
   1A42 00                 6793 	.db 0x00
   1A43 00                 6794 	.db 0x00
   1A44 00                 6795 	.db 0x00
   1A45 00                 6796 	.db 0x00
   1A46 00                 6797 	.db 0x00
   1A47 00                 6798 	.db 0x00
   1A48 00                 6799 	.db 0x00
   1A49 00                 6800 	.db 0x00
   1A4A 00                 6801 	.db 0x00
   1A4B 00                 6802 	.db 0x00
   1A4C 00                 6803 	.db 0x00
   1A4D 00                 6804 	.db 0x00
   1A4E 00                 6805 	.db 0x00
   1A4F 00                 6806 	.db 0x00
   1A50 00                 6807 	.db 0x00
   1A51 00                 6808 	.db 0x00
   1A52 00                 6809 	.db 0x00
   1A53 00                 6810 	.db 0x00
   1A54 00                 6811 	.db 0x00
   1A55 00                 6812 	.db 0x00
   1A56 00                 6813 	.db 0x00
   1A57 00                 6814 	.db 0x00
   1A58 00                 6815 	.db 0x00
   1A59 00                 6816 	.db 0x00
   1A5A 00                 6817 	.db 0x00
   1A5B 00                 6818 	.db 0x00
   1A5C 00                 6819 	.db 0x00
   1A5D 00                 6820 	.db 0x00
   1A5E 00                 6821 	.db 0x00
   1A5F 00                 6822 	.db 0x00
   1A60 00                 6823 	.db 0x00
   1A61 00                 6824 	.db 0x00
   1A62 00                 6825 	.db 0x00
   1A63 00                 6826 	.db 0x00
   1A64 00                 6827 	.db 0x00
   1A65 00                 6828 	.db 0x00
   1A66 00                 6829 	.db 0x00
   1A67 00                 6830 	.db 0x00
   1A68 00                 6831 	.db 0x00
   1A69 00                 6832 	.db 0x00
   1A6A 00                 6833 	.db 0x00
   1A6B 00                 6834 	.db 0x00
   1A6C 00                 6835 	.db 0x00
   1A6D 00                 6836 	.db 0x00
   1A6E 00                 6837 	.db 0x00
   1A6F 00                 6838 	.db 0x00
   1A70 00                 6839 	.db 0x00
   1A71 00                 6840 	.db 0x00
   1A72 00                 6841 	.db 0x00
   1A73 00                 6842 	.db 0x00
   1A74 00                 6843 	.db 0x00
   1A75 00                 6844 	.db 0x00
   1A76 00                 6845 	.db 0x00
   1A77 00                 6846 	.db 0x00
   1A78 00                 6847 	.db 0x00
   1A79 00                 6848 	.db 0x00
   1A7A 00                 6849 	.db 0x00
   1A7B 00                 6850 	.db 0x00
   1A7C 00                 6851 	.db 0x00
   1A7D 00                 6852 	.db 0x00
   1A7E 00                 6853 	.db 0x00
   1A7F 00                 6854 	.db 0x00
   1A80 00                 6855 	.db 0x00
   1A81 00                 6856 	.db 0x00
   1A82 00                 6857 	.db 0x00
   1A83 00                 6858 	.db 0x00
   1A84 00                 6859 	.db 0x00
   1A85 00                 6860 	.db 0x00
   1A86 00                 6861 	.db 0x00
   1A87 00                 6862 	.db 0x00
   1A88 00                 6863 	.db 0x00
   1A89 00                 6864 	.db 0x00
   1A8A 00                 6865 	.db 0x00
   1A8B 00                 6866 	.db 0x00
   1A8C 00                 6867 	.db 0x00
   1A8D 00                 6868 	.db 0x00
   1A8E 00                 6869 	.db 0x00
   1A8F 00                 6870 	.db 0x00
   1A90 00                 6871 	.db 0x00
   1A91 00                 6872 	.db 0x00
   1A92 00                 6873 	.db 0x00
   1A93 00                 6874 	.db 0x00
   1A94 00                 6875 	.db 0x00
   1A95 00                 6876 	.db 0x00
   1A96 00                 6877 	.db 0x00
   1A97 00                 6878 	.db 0x00
   1A98 00                 6879 	.db 0x00
   1A99 00                 6880 	.db 0x00
   1A9A 00                 6881 	.db 0x00
   1A9B 00                 6882 	.db 0x00
   1A9C 00                 6883 	.db 0x00
   1A9D 00                 6884 	.db 0x00
   1A9E 00                 6885 	.db 0x00
   1A9F 00                 6886 	.db 0x00
   1AA0 00                 6887 	.db 0x00
   1AA1 00                 6888 	.db 0x00
   1AA2 00                 6889 	.db 0x00
   1AA3 00                 6890 	.db 0x00
   1AA4 00                 6891 	.db 0x00
   1AA5 00                 6892 	.db 0x00
   1AA6 00                 6893 	.db 0x00
   1AA7 00                 6894 	.db 0x00
   1AA8 00                 6895 	.db 0x00
   1AA9 00                 6896 	.db 0x00
   1AAA 00                 6897 	.db 0x00
   1AAB 00                 6898 	.db 0x00
   1AAC 00                 6899 	.db 0x00
   1AAD 00                 6900 	.db 0x00
   1AAE 00                 6901 	.db 0x00
   1AAF 00                 6902 	.db 0x00
   1AB0 00                 6903 	.db 0x00
   1AB1 00                 6904 	.db 0x00
   1AB2 00                 6905 	.db 0x00
   1AB3 00                 6906 	.db 0x00
   1AB4 00                 6907 	.db 0x00
   1AB5 00                 6908 	.db 0x00
   1AB6 00                 6909 	.db 0x00
   1AB7 00                 6910 	.db 0x00
   1AB8 00                 6911 	.db 0x00
   1AB9 00                 6912 	.db 0x00
   1ABA 00                 6913 	.db 0x00
   1ABB 00                 6914 	.db 0x00
   1ABC 00                 6915 	.db 0x00
   1ABD 00                 6916 	.db 0x00
   1ABE 00                 6917 	.db 0x00
   1ABF 00                 6918 	.db 0x00
   1AC0 00                 6919 	.db 0x00
   1AC1 00                 6920 	.db 0x00
   1AC2 00                 6921 	.db 0x00
   1AC3 00                 6922 	.db 0x00
   1AC4 00                 6923 	.db 0x00
   1AC5 00                 6924 	.db 0x00
   1AC6 00                 6925 	.db 0x00
   1AC7 00                 6926 	.db 0x00
   1AC8 00                 6927 	.db 0x00
   1AC9 00                 6928 	.db 0x00
   1ACA 00                 6929 	.db 0x00
   1ACB 00                 6930 	.db 0x00
   1ACC 00                 6931 	.db 0x00
   1ACD 00                 6932 	.db 0x00
   1ACE 00                 6933 	.db 0x00
   1ACF 00                 6934 	.db 0x00
   1AD0 00                 6935 	.db 0x00
   1AD1 00                 6936 	.db 0x00
   1AD2 00                 6937 	.db 0x00
   1AD3 00                 6938 	.db 0x00
   1AD4 00                 6939 	.db 0x00
   1AD5 00                 6940 	.db 0x00
   1AD6 00                 6941 	.db 0x00
   1AD7 00                 6942 	.db 0x00
   1AD8 00                 6943 	.db 0x00
   1AD9 00                 6944 	.db 0x00
   1ADA 00                 6945 	.db 0x00
   1ADB 00                 6946 	.db 0x00
   1ADC 00                 6947 	.db 0x00
   1ADD 00                 6948 	.db 0x00
   1ADE 00                 6949 	.db 0x00
   1ADF 00                 6950 	.db 0x00
   1AE0 00                 6951 	.db 0x00
   1AE1 00                 6952 	.db 0x00
   1AE2 00                 6953 	.db 0x00
   1AE3 00                 6954 	.db 0x00
   1AE4 00                 6955 	.db 0x00
   1AE5 00                 6956 	.db 0x00
   1AE6 00                 6957 	.db 0x00
   1AE7 00                 6958 	.db 0x00
   1AE8 00                 6959 	.db 0x00
   1AE9 00                 6960 	.db 0x00
   1AEA 00                 6961 	.db 0x00
   1AEB 00                 6962 	.db 0x00
   1AEC 00                 6963 	.db 0x00
   1AED 00                 6964 	.db 0x00
   1AEE 00                 6965 	.db 0x00
   1AEF 00                 6966 	.db 0x00
   1AF0 00                 6967 	.db 0x00
   1AF1 00                 6968 	.db 0x00
   1AF2 00                 6969 	.db 0x00
   1AF3 00                 6970 	.db 0x00
   1AF4 00                 6971 	.db 0x00
   1AF5 00                 6972 	.db 0x00
   1AF6 00                 6973 	.db 0x00
   1AF7 00                 6974 	.db 0x00
   1AF8 00                 6975 	.db 0x00
   1AF9 00                 6976 	.db 0x00
   1AFA 00                 6977 	.db 0x00
   1AFB 00                 6978 	.db 0x00
   1AFC 00                 6979 	.db 0x00
   1AFD 00                 6980 	.db 0x00
   1AFE 00                 6981 	.db 0x00
   1AFF 00                 6982 	.db 0x00
   1B00 00                 6983 	.db 0x00
   1B01 00                 6984 	.db 0x00
   1B02 00                 6985 	.db 0x00
   1B03 00                 6986 	.db 0x00
   1B04 00                 6987 	.db 0x00
   1B05 00                 6988 	.db 0x00
   1B06 00                 6989 	.db 0x00
   1B07 00                 6990 	.db 0x00
   1B08 00                 6991 	.db 0x00
   1B09 00                 6992 	.db 0x00
   1B0A 00                 6993 	.db 0x00
   1B0B 00                 6994 	.db 0x00
   1B0C 00                 6995 	.db 0x00
   1B0D 00                 6996 	.db 0x00
   1B0E 00                 6997 	.db 0x00
   1B0F 00                 6998 	.db 0x00
   1B10 00                 6999 	.db 0x00
   1B11 00                 7000 	.db 0x00
   1B12 00                 7001 	.db 0x00
   1B13 00                 7002 	.db 0x00
   1B14 00                 7003 	.db 0x00
   1B15 00                 7004 	.db 0x00
   1B16 00                 7005 	.db 0x00
   1B17 00                 7006 	.db 0x00
   1B18 00                 7007 	.db 0x00
   1B19 00                 7008 	.db 0x00
   1B1A 00                 7009 	.db 0x00
   1B1B 00                 7010 	.db 0x00
   1B1C 00                 7011 	.db 0x00
   1B1D 00                 7012 	.db 0x00
   1B1E 00                 7013 	.db 0x00
   1B1F 00                 7014 	.db 0x00
   1B20 00                 7015 	.db 0x00
   1B21 00                 7016 	.db 0x00
   1B22 00                 7017 	.db 0x00
   1B23 00                 7018 	.db 0x00
   1B24 00                 7019 	.db 0x00
   1B25 00                 7020 	.db 0x00
   1B26 00                 7021 	.db 0x00
   1B27 00                 7022 	.db 0x00
   1B28 00                 7023 	.db 0x00
   1B29 00                 7024 	.db 0x00
   1B2A 00                 7025 	.db 0x00
   1B2B 00                 7026 	.db 0x00
   1B2C 00                 7027 	.db 0x00
   1B2D 00                 7028 	.db 0x00
   1B2E 00                 7029 	.db 0x00
   1B2F 00                 7030 	.db 0x00
   1B30 00                 7031 	.db 0x00
   1B31 00                 7032 	.db 0x00
   1B32 00                 7033 	.db 0x00
   1B33 00                 7034 	.db 0x00
   1B34 00                 7035 	.db 0x00
   1B35 00                 7036 	.db 0x00
   1B36 00                 7037 	.db 0x00
   1B37 00                 7038 	.db 0x00
   1B38 00                 7039 	.db 0x00
   1B39 00                 7040 	.db 0x00
   1B3A 00                 7041 	.db 0x00
   1B3B 00                 7042 	.db 0x00
   1B3C 00                 7043 	.db 0x00
   1B3D 00                 7044 	.db 0x00
   1B3E 00                 7045 	.db 0x00
   1B3F 00                 7046 	.db 0x00
   1B40 00                 7047 	.db 0x00
   1B41 00                 7048 	.db 0x00
   1B42 00                 7049 	.db 0x00
   1B43 00                 7050 	.db 0x00
   1B44 00                 7051 	.db 0x00
   1B45 00                 7052 	.db 0x00
   1B46 00                 7053 	.db 0x00
   1B47 00                 7054 	.db 0x00
   1B48 00                 7055 	.db 0x00
   1B49 00                 7056 	.db 0x00
   1B4A 00                 7057 	.db 0x00
   1B4B 00                 7058 	.db 0x00
   1B4C 00                 7059 	.db 0x00
   1B4D 00                 7060 	.db 0x00
   1B4E 00                 7061 	.db 0x00
   1B4F 00                 7062 	.db 0x00
   1B50 00                 7063 	.db 0x00
   1B51 00                 7064 	.db 0x00
   1B52 00                 7065 	.db 0x00
   1B53 00                 7066 	.db 0x00
   1B54 00                 7067 	.db 0x00
   1B55 00                 7068 	.db 0x00
   1B56 00                 7069 	.db 0x00
   1B57 00                 7070 	.db 0x00
   1B58 00                 7071 	.db 0x00
   1B59 00                 7072 	.db 0x00
   1B5A 00                 7073 	.db 0x00
   1B5B 00                 7074 	.db 0x00
   1B5C 00                 7075 	.db 0x00
   1B5D 00                 7076 	.db 0x00
   1B5E 00                 7077 	.db 0x00
   1B5F 00                 7078 	.db 0x00
   1B60 00                 7079 	.db 0x00
   1B61 00                 7080 	.db 0x00
   1B62 00                 7081 	.db 0x00
   1B63 00                 7082 	.db 0x00
   1B64 00                 7083 	.db 0x00
   1B65 00                 7084 	.db 0x00
   1B66 00                 7085 	.db 0x00
   1B67 00                 7086 	.db 0x00
   1B68 00                 7087 	.db 0x00
   1B69 00                 7088 	.db 0x00
   1B6A 00                 7089 	.db 0x00
   1B6B 00                 7090 	.db 0x00
   1B6C 00                 7091 	.db 0x00
   1B6D 00                 7092 	.db 0x00
   1B6E 00                 7093 	.db 0x00
   1B6F 00                 7094 	.db 0x00
   1B70 00                 7095 	.db 0x00
   1B71 00                 7096 	.db 0x00
   1B72 00                 7097 	.db 0x00
   1B73 00                 7098 	.db 0x00
   1B74 00                 7099 	.db 0x00
   1B75 00                 7100 	.db 0x00
   1B76 00                 7101 	.db 0x00
   1B77 00                 7102 	.db 0x00
   1B78 00                 7103 	.db 0x00
   1B79 00                 7104 	.db 0x00
   1B7A 00                 7105 	.db 0x00
   1B7B 00                 7106 	.db 0x00
   1B7C 00                 7107 	.db 0x00
   1B7D 00                 7108 	.db 0x00
   1B7E 00                 7109 	.db 0x00
   1B7F 00                 7110 	.db 0x00
   1B80 00                 7111 	.db 0x00
   1B81 00                 7112 	.db 0x00
   1B82 00                 7113 	.db 0x00
   1B83 00                 7114 	.db 0x00
   1B84 00                 7115 	.db 0x00
   1B85 00                 7116 	.db 0x00
   1B86 00                 7117 	.db 0x00
   1B87 00                 7118 	.db 0x00
   1B88 00                 7119 	.db 0x00
   1B89 00                 7120 	.db 0x00
   1B8A 00                 7121 	.db 0x00
   1B8B 00                 7122 	.db 0x00
   1B8C 00                 7123 	.db 0x00
   1B8D 00                 7124 	.db 0x00
   1B8E 00                 7125 	.db 0x00
   1B8F 00                 7126 	.db 0x00
   1B90 00                 7127 	.db 0x00
   1B91 00                 7128 	.db 0x00
   1B92 00                 7129 	.db 0x00
   1B93 00                 7130 	.db 0x00
   1B94 00                 7131 	.db 0x00
   1B95 00                 7132 	.db 0x00
   1B96 00                 7133 	.db 0x00
   1B97 00                 7134 	.db 0x00
   1B98 00                 7135 	.db 0x00
   1B99 00                 7136 	.db 0x00
   1B9A 00                 7137 	.db 0x00
   1B9B 00                 7138 	.db 0x00
   1B9C 00                 7139 	.db 0x00
   1B9D 00                 7140 	.db 0x00
   1B9E 00                 7141 	.db 0x00
   1B9F 00                 7142 	.db 0x00
   1BA0 00                 7143 	.db 0x00
   1BA1 00                 7144 	.db 0x00
   1BA2 00                 7145 	.db 0x00
   1BA3 00                 7146 	.db 0x00
   1BA4 00                 7147 	.db 0x00
   1BA5 00                 7148 	.db 0x00
   1BA6 00                 7149 	.db 0x00
   1BA7 00                 7150 	.db 0x00
   1BA8 00                 7151 	.db 0x00
   1BA9 00                 7152 	.db 0x00
   1BAA 00                 7153 	.db 0x00
   1BAB 00                 7154 	.db 0x00
   1BAC 00                 7155 	.db 0x00
   1BAD 00                 7156 	.db 0x00
   1BAE 00                 7157 	.db 0x00
   1BAF 00                 7158 	.db 0x00
   1BB0 00                 7159 	.db 0x00
   1BB1 00                 7160 	.db 0x00
   1BB2 00                 7161 	.db 0x00
   1BB3 00                 7162 	.db 0x00
   1BB4 00                 7163 	.db 0x00
   1BB5 00                 7164 	.db 0x00
   1BB6 00                 7165 	.db 0x00
   1BB7 00                 7166 	.db 0x00
   1BB8 00                 7167 	.db 0x00
   1BB9 00                 7168 	.db 0x00
   1BBA 00                 7169 	.db 0x00
   1BBB 00                 7170 	.db 0x00
   1BBC 00                 7171 	.db 0x00
   1BBD 00                 7172 	.db 0x00
   1BBE 00                 7173 	.db 0x00
   1BBF 00                 7174 	.db 0x00
   1BC0 00                 7175 	.db 0x00
   1BC1 00                 7176 	.db 0x00
   1BC2 00                 7177 	.db 0x00
   1BC3 00                 7178 	.db 0x00
   1BC4 00                 7179 	.db 0x00
   1BC5 00                 7180 	.db 0x00
   1BC6 00                 7181 	.db 0x00
   1BC7 00                 7182 	.db 0x00
   1BC8 00                 7183 	.db 0x00
   1BC9 00                 7184 	.db 0x00
   1BCA 00                 7185 	.db 0x00
   1BCB 00                 7186 	.db 0x00
   1BCC 00                 7187 	.db 0x00
   1BCD 00                 7188 	.db 0x00
   1BCE 00                 7189 	.db 0x00
   1BCF 00                 7190 	.db 0x00
   1BD0 00                 7191 	.db 0x00
   1BD1 00                 7192 	.db 0x00
   1BD2 00                 7193 	.db 0x00
   1BD3 00                 7194 	.db 0x00
                           7195 	.area _INITIALIZER
                           7196 	.area _CABS (ABS)
